Date,MaxTemp,MinTemp,sunshine_duration,Rainfall,precipitation_probability_max,wind_speed_10m_max,Evapotranspiration,SoilMoisture_NASA,GW_Extraction_Rate,GW_Availability,Land_Forest_Cover,Land_BuiltUp_Area,Land_Fallow,SoilMoisture_Actual,AvgTemp
2021-03-24,33.1,22.3,41320.1,0.0,0,22.3,6.89,,100.7695183,2414.96,0.68,62.59,5.44,,27.700000000000003
2021-03-25,33.1,21.9,41423.17,0.0,0,18.8,8.28,,100.7695183,2414.96,0.68,62.59,5.44,,27.5
2021-03-26,34.2,21.8,41525.67,0.0,0,17.2,7.7,,100.7695183,2414.96,0.68,62.59,5.44,,28.0
2021-03-27,36.0,23.4,41627.54,0.0,0,10.2,6.45,,100.7695183,2414.96,0.68,62.59,5.44,,29.7
2021-03-28,37.4,25.3,41728.68,0.0,0,6.8,5.93,,100.7695183,2414.96,0.68,62.59,5.44,,31.35
2021-03-29,40.5,26.5,41829.03,0.0,0,26.1,8.16,,100.7695183,2414.96,0.68,62.59,5.44,,33.5
2021-03-30,38.0,27.7,41929.05,0.0,0,28.9,9.57,,100.7695183,2414.96,0.68,62.59,5.44,,32.85
2021-03-31,36.7,25.1,42029.2,0.0,0,26.0,11.44,,100.7695183,2414.96,0.68,62.59,5.44,,30.900000000000002
2021-04-01,35.7,22.6,42129.4,0.0,0,26.4,11.07,,100.7695183,2414.96,0.68,62.59,5.44,,29.150000000000002
2021-04-02,35.3,23.2,42229.58,0.0,0,18.2,8.13,,100.7695183,2414.96,0.68,62.59,5.44,,29.25
2021-04-03,35.0,22.6,42329.7,0.0,0,14.4,7.05,,100.7695183,2414.96,0.68,62.59,5.44,,28.8
2021-04-04,37.2,23.9,42429.66,0.0,0,17.0,7.62,,100.7695183,2414.96,0.68,62.59,5.44,,30.55
2021-04-05,38.9,27.4,42505.36,0.0,0,11.8,6.86,,100.7695183,2414.96,0.68,62.59,5.44,,33.15
2021-04-06,38.8,28.0,42537.59,0.0,0,18.6,8.56,,100.7695183,2414.96,0.68,62.59,5.44,,33.4
2021-04-07,37.0,26.0,42569.78,0.0,0,16.1,8.54,,100.7695183,2414.96,0.68,62.59,5.44,,31.5
2021-04-08,35.5,25.2,42601.93,0.0,0,17.0,8.4,,100.7695183,2414.96,0.68,62.59,5.44,,30.35
2021-04-09,36.2,25.3,42634.07,0.0,0,13.1,8.18,,100.7695183,2414.96,0.68,62.59,5.44,,30.75
2021-04-10,37.0,26.1,42666.22,0.0,0,14.2,8.05,,100.7695183,2414.96,0.68,62.59,5.44,,31.55
2021-04-11,38.0,27.4,42698.39,0.0,0,11.4,7.88,,100.7695183,2414.96,0.68,62.59,5.44,,32.7
2021-04-12,38.9,28.4,42730.59,0.0,0,16.4,7.83,,100.7695183,2414.96,0.68,62.59,5.44,,33.65
2021-04-13,39.5,29.2,42762.85,0.0,0,21.4,8.9,,100.7695183,2414.96,0.68,62.59,5.44,,34.35
2021-04-14,39.6,29.5,42822.24,0.0,0,17.0,8.87,,100.7695183,2414.96,0.68,62.59,5.44,,34.55
2021-04-15,39.4,30.1,42849.91,0.0,0,16.4,8.87,,100.7695183,2414.96,0.68,62.59,5.44,,34.75
2021-04-16,40.1,29.7,37087.34,0.0,0,34.4,8.48,,100.7695183,2414.96,0.68,62.59,5.44,,34.9
2021-04-17,36.2,27.0,42902.92,0.0,0,22.7,8.76,,100.7695183,2414.96,0.68,62.59,5.44,,31.6
2021-04-18,36.6,26.0,42928.52,0.0,0,18.8,8.33,,100.7695183,2414.96,0.68,62.59,5.44,,31.3
2021-04-19,38.1,28.0,43028.39,0.0,0,18.4,8.65,,100.7695183,2414.96,0.68,62.59,5.44,,33.05
2021-04-20,37.5,27.8,37556.61,0.0,0,36.4,7.42,,100.7695183,2414.96,0.68,62.59,5.44,,32.65
2021-04-21,33.7,26.2,43083.56,0.1,0,21.3,8.26,,100.7695183,2414.96,0.68,62.59,5.44,,29.950000000000003
2021-04-22,33.6,24.6,43279.3,0.1,0,16.4,6.84,,100.7695183,2414.96,0.68,62.59,5.44,,29.1
2021-04-23,36.5,26.0,43223.97,0.0,0,20.0,8.83,,100.7695183,2414.96,0.68,62.59,5.44,,31.25
2021-04-24,34.7,24.0,43433.33,0.0,0,21.9,8.88,,100.7695183,2414.96,0.68,62.59,5.44,,29.35
2021-04-25,37.6,25.9,43466.95,0.0,0,15.3,9.4,,100.7695183,2414.96,0.68,62.59,5.44,,31.75
2021-04-26,39.8,28.3,43595.63,0.0,0,13.0,8.33,,100.7695183,2414.96,0.68,62.59,5.44,,34.05
2021-04-27,41.7,30.5,43606.08,0.0,0,18.0,8.29,,100.7695183,2414.96,0.68,62.59,5.44,,36.1
2021-04-28,42.7,32.0,43606.73,0.0,0,16.2,9.45,,100.7695183,2414.96,0.68,62.59,5.44,,37.35
2021-04-29,42.4,32.6,43709.81,0.0,0,21.7,9.41,,100.7695183,2414.96,0.68,62.59,5.44,,37.5
2021-04-30,41.7,31.9,41608.69,0.0,0,23.7,9.29,,100.7695183,2414.96,0.68,62.59,5.44,,36.8
2021-05-01,40.5,30.9,43819.99,0.1,0,29.8,9.08,,100.7695183,2414.96,0.68,62.59,5.44,,35.7
2021-05-02,39.8,31.0,43932.07,0.0,0,21.7,8.2,,100.7695183,2414.96,0.68,62.59,5.44,,35.4
2021-05-03,39.4,29.2,38395.57,0.45,0,23.2,8.64,,100.7695183,2414.96,0.68,62.59,5.44,,34.3
2021-05-04,40.7,32.0,43826.09,0.1,0,14.4,8.54,,100.7695183,2414.96,0.68,62.59,5.44,,36.35
2021-05-05,40.0,30.5,43942.27,0.0,0,30.3,9.15,,100.7695183,2414.96,0.68,62.59,5.44,,35.25
2021-05-06,39.6,29.5,44061.45,0.0,0,21.1,8.94,,100.7695183,2414.96,0.68,62.59,5.44,,34.55
2021-05-07,37.1,27.8,36864.96,6.65,0,44.3,7.35,,100.7695183,2414.96,0.68,62.59,5.44,,32.45
2021-05-08,38.1,27.6,44188.08,0.1,0,19.7,7.59,,100.7695183,2414.96,0.68,62.59,5.44,,32.85
2021-05-09,40.3,29.2,44132.23,0.6,0,27.2,8.46,,100.7695183,2414.96,0.68,62.59,5.44,,34.75
2021-05-10,37.6,30.9,38858.58,0.0,0,26.2,7.31,,100.7695183,2414.96,0.68,62.59,5.44,,34.25
2021-05-11,39.1,28.9,44323.71,0.15,0,20.2,8.33,,100.7695183,2414.96,0.68,62.59,5.44,,34.0
2021-05-12,37.4,25.6,39823.13,7.75,0,25.7,8.1,,100.7695183,2414.96,0.68,62.59,5.44,,31.5
2021-05-13,36.3,26.4,43951.35,0.2,0,20.2,7.76,,100.7695183,2414.96,0.68,62.59,5.44,,31.349999999999998
2021-05-14,37.8,28.7,44463.9,0.0,0,18.2,8.0,,100.7695183,2414.96,0.68,62.59,5.44,,33.25
2021-05-15,39.0,31.1,44565.62,0.0,0,22.0,8.1,,100.7695183,2414.96,0.68,62.59,5.44,,35.05
2021-05-16,39.9,29.9,44890.25,0.0,0,11.9,7.52,,100.7695183,2414.96,0.68,62.59,5.44,,34.9
2021-05-17,40.2,33.6,41949.35,0.0,0,27.6,7.41,,100.7695183,2414.96,0.68,62.59,5.44,,36.900000000000006
2021-05-18,33.8,29.0,15325.59,0.0,0,27.0,4.67,,100.7695183,2414.96,0.68,62.59,5.44,,31.4
2021-05-19,29.4,21.3,0.0,62.55,0,21.5,2.03,,100.7695183,2414.96,0.68,62.59,5.44,,25.35
2021-05-20,30.9,20.9,31230.33,68.35,0,25.3,4.73,,100.7695183,2414.96,0.68,62.59,5.44,,25.9
2021-05-21,34.6,25.0,43418.34,0.0,0,19.3,6.72,,100.7695183,2414.96,0.68,62.59,5.44,,29.8
2021-05-22,37.4,27.3,44635.57,1.05,0,13.1,7.45,,100.7695183,2414.96,0.68,62.59,5.44,,32.35
2021-05-23,35.8,29.7,45182.53,0.0,0,19.2,8.37,,100.7695183,2414.96,0.68,62.59,5.44,,32.75
2021-05-24,38.6,28.7,45261.91,0.0,0,23.4,10.51,,100.7695183,2414.96,0.68,62.59,5.44,,33.65
2021-05-25,40.8,32.1,45653.9,0.0,0,22.8,11.71,,100.7695183,2414.96,0.68,62.59,5.44,,36.45
2021-05-26,41.2,32.3,45546.18,0.0,0,21.2,9.06,,100.7695183,2414.96,0.68,62.59,5.44,,36.75
2021-05-27,41.4,32.9,45632.55,0.0,0,13.0,8.33,,100.7695183,2414.96,0.68,62.59,5.44,,37.15
2021-05-28,40.1,29.2,45637.29,0.0,0,15.8,9.0,,100.7695183,2414.96,0.68,62.59,5.44,,34.65
2021-05-29,40.1,29.8,45360.0,0.0,0,25.5,9.65,,100.7695183,2414.96,0.68,62.59,5.44,,34.95
2021-05-30,39.6,28.9,45274.73,0.3,0,22.4,8.3,,100.7695183,2414.96,0.68,62.59,5.44,,34.25
2021-05-31,42.3,32.5,45360.41,0.55,0,18.1,8.32,,100.7695183,2414.96,0.68,62.59,5.44,,37.4
2021-06-01,36.5,30.2,39707.0,1.25,0,26.0,7.9,,100.7695183,2414.96,0.68,62.59,5.44,,33.35
2021-06-02,39.1,29.8,45651.77,0.0,0,18.1,7.46,,100.7695183,2414.96,0.68,62.59,5.44,,34.45
2021-06-03,39.2,31.6,45653.02,0.05,0,14.8,7.92,,100.7695183,2414.96,0.68,62.59,5.44,,35.400000000000006
2021-06-04,40.3,32.4,45749.2,0.2,0,13.4,7.67,,100.7695183,2414.96,0.68,62.59,5.44,,36.349999999999994
2021-06-05,41.8,34.4,41919.25,0.15,0,23.3,9.22,,100.7695183,2414.96,0.68,62.59,5.44,,38.099999999999994
2021-06-06,39.9,33.4,45752.11,0.0,0,19.2,8.83,,100.7695183,2414.96,0.68,62.59,5.44,,36.65
2021-06-07,42.7,35.2,45796.83,0.0,0,15.2,9.29,,100.7695183,2414.96,0.68,62.59,5.44,,38.95
2021-06-08,43.8,36.6,44684.52,0.0,0,26.3,11.65,,100.7695183,2414.96,0.68,62.59,5.44,,40.2
2021-06-09,43.8,36.3,45998.62,0.0,0,20.0,10.58,,100.7695183,2414.96,0.68,62.59,5.44,,40.05
2021-06-10,43.1,36.7,45712.08,0.0,0,22.4,8.73,,100.7695183,2414.96,0.68,62.59,5.44,,39.900000000000006
2021-06-11,43.2,32.9,45960.09,0.0,0,19.4,8.93,,100.7695183,2414.96,0.68,62.59,5.44,,38.05
2021-06-12,42.3,33.0,43878.14,0.0,0,24.1,9.48,,100.7695183,2414.96,0.68,62.59,5.44,,37.65
2021-06-13,38.9,30.8,45711.73,0.0,0,24.1,8.61,,100.7695183,2414.96,0.68,62.59,5.44,,34.85
2021-06-14,40.4,31.1,45817.93,0.1,0,19.6,8.51,,100.7695183,2414.96,0.68,62.59,5.44,,35.75
2021-06-15,40.1,31.6,37734.66,0.15,0,37.7,7.98,,100.7695183,2414.96,0.68,62.59,5.44,,35.85
2021-06-16,37.3,29.2,42448.41,0.25,0,20.2,7.22,,100.7695183,2414.96,0.68,62.59,5.44,,33.25
2021-06-17,37.1,29.7,44200.37,0.1,0,21.7,7.5,,100.7695183,2414.96,0.68,62.59,5.44,,33.4
2021-06-18,35.5,29.0,44568.88,0.0,0,24.0,7.29,,100.7695183,2414.96,0.68,62.59,5.44,,32.25
2021-06-19,32.9,27.5,45670.29,0.0,0,21.6,6.22,,100.7695183,2414.96,0.68,62.59,5.44,,30.2
2021-06-20,36.6,27.8,40841.26,0.05,0,15.5,6.43,,100.7695183,2414.96,0.68,62.59,5.44,,32.2
2021-06-21,39.7,29.3,45210.18,0.0,0,14.8,8.0,,100.7695183,2414.96,0.68,62.59,5.44,,34.5
2021-06-22,41.4,33.1,46028.98,0.0,0,16.6,9.1,,100.7695183,2414.96,0.68,62.59,5.44,,37.25
2021-06-23,41.5,35.0,45913.65,0.0,0,14.5,7.68,,100.7695183,2414.96,0.68,62.59,5.44,,38.25
2021-06-24,41.7,32.8,46023.16,0.0,0,15.0,8.89,,100.7695183,2414.96,0.68,62.59,5.44,,37.25
2021-06-25,42.0,34.2,45879.47,0.0,0,21.7,9.64,,100.7695183,2414.96,0.68,62.59,5.44,,38.1
2021-06-26,40.9,32.3,45622.63,0.0,0,14.2,8.0,,100.7695183,2414.96,0.68,62.59,5.44,,36.599999999999994
2021-06-27,41.3,33.5,45618.94,0.0,0,14.0,8.16,,100.7695183,2414.96,0.68,62.59,5.44,,37.4
2021-06-28,41.7,34.3,45729.11,0.0,0,11.9,8.04,,100.7695183,2414.96,0.68,62.59,5.44,,38.0
2021-06-29,44.2,36.2,45587.23,0.0,0,17.4,9.41,,100.7695183,2414.96,0.68,62.59,5.44,,40.2
2021-06-30,44.8,37.0,45720.26,0.0,0,29.3,12.12,,100.7695183,2414.96,0.68,62.59,5.44,,40.9
2021-07-01,44.5,37.4,41187.73,0.05,0,20.2,10.89,,100.7695183,2414.96,0.68,62.59,5.44,,40.95
2021-07-02,41.9,36.1,44226.79,0.3,0,29.1,9.5,,100.7695183,2414.96,0.68,62.59,5.44,,39.0
2021-07-03,40.3,33.4,22394.8,1.75,0,20.9,6.33,,100.7695183,2414.96,0.68,62.59,5.44,,36.849999999999994
2021-07-04,40.7,34.1,45181.67,0.0,0,11.2,7.57,,100.7695183,2414.96,0.68,62.59,5.44,,37.400000000000006
2021-07-05,41.5,34.8,44930.35,0.0,0,17.6,8.68,,100.7695183,2414.96,0.68,62.59,5.44,,38.15
2021-07-06,42.9,35.3,45041.3,0.0,0,19.1,9.23,,100.7695183,2414.96,0.68,62.59,5.44,,39.099999999999994
2021-07-07,44.4,37.4,44696.87,0.0,0,22.5,10.05,,100.7695183,2414.96,0.68,62.59,5.44,,40.9
2021-07-08,43.3,37.4,38620.46,0.0,0,19.0,9.64,,100.7695183,2414.96,0.68,62.59,5.44,,40.349999999999994
2021-07-09,41.1,32.3,44900.16,0.0,0,20.9,8.88,,100.7695183,2414.96,0.68,62.59,5.44,,36.7
2021-07-10,40.7,33.4,41630.8,0.0,0,19.9,8.65,,100.7695183,2414.96,0.68,62.59,5.44,,37.05
2021-07-11,37.8,33.7,36137.72,0.05,0,24.7,7.66,,100.7695183,2414.96,0.68,62.59,5.44,,35.75
2021-07-12,35.9,29.8,36252.74,0.9,0,25.5,7.1,,100.7695183,2414.96,0.68,62.59,5.44,,32.85
2021-07-13,35.7,28.9,34893.18,0.7,0,18.6,5.44,,100.7695183,2414.96,0.68,62.59,5.44,,32.3
2021-07-14,37.0,29.7,39011.63,1.0,0,21.3,5.98,,100.7695183,2414.96,0.68,62.59,5.44,,33.35
2021-07-15,37.7,28.9,38022.25,0.3,0,17.3,6.67,,100.7695183,2414.96,0.68,62.59,5.44,,33.3
2021-07-16,39.6,31.2,38509.83,0.0,0,16.4,7.81,,100.7695183,2414.96,0.68,62.59,5.44,,35.4
2021-07-17,41.2,33.0,37823.71,0.0,0,20.3,7.39,,100.7695183,2414.96,0.68,62.59,5.44,,37.1
2021-07-18,38.7,29.3,30196.33,0.45,0,26.3,6.06,,100.7695183,2414.96,0.68,62.59,5.44,,34.0
2021-07-19,29.9,27.0,878.79,12.6,0,19.8,1.75,,100.7695183,2414.96,0.68,62.59,5.44,,28.45
2021-07-20,29.3,27.1,6996.99,6.1,0,14.8,1.74,,100.7695183,2414.96,0.68,62.59,5.44,,28.200000000000003
2021-07-21,35.0,27.5,35873.8,0.65,0,16.0,5.05,,100.7695183,2414.96,0.68,62.59,5.44,,31.25
2021-07-22,36.5,27.7,29916.65,1.7,0,17.4,5.48,,100.7695183,2414.96,0.68,62.59,5.44,,32.1
2021-07-23,35.2,28.7,30293.63,1.45,0,14.5,5.39,,100.7695183,2414.96,0.68,62.59,5.44,,31.950000000000003
2021-07-24,38.1,30.5,31664.04,0.0,0,15.3,6.19,,100.7695183,2414.96,0.68,62.59,5.44,,34.3
2021-07-25,40.1,32.1,34976.57,0.0,0,15.9,7.21,,100.7695183,2414.96,0.68,62.59,5.44,,36.1
2021-07-26,35.3,31.5,27283.43,0.0,0,18.7,4.98,,100.7695183,2414.96,0.68,62.59,5.44,,33.4
2021-07-27,34.3,30.4,39771.35,3.15,0,12.2,5.52,,100.7695183,2414.96,0.68,62.59,5.44,,32.349999999999994
2021-07-28,32.2,26.3,13394.69,51.2,0,9.9,1.61,,100.7695183,2414.96,0.68,62.59,5.44,,29.25
2021-07-29,33.2,27.0,25418.63,2.65,0,10.5,3.05,,100.7695183,2414.96,0.68,62.59,5.44,,30.1
2021-07-30,34.0,28.4,40016.33,0.95,0,16.9,4.95,,100.7695183,2414.96,0.68,62.59,5.44,,31.2
2021-07-31,34.7,27.8,30881.35,2.1,0,18.0,4.15,,100.7695183,2414.96,0.68,62.59,5.44,,31.25
2021-08-01,37.4,30.5,41177.11,0.35,0,11.5,6.18,,100.7695183,2414.96,0.68,62.59,5.44,,33.95
2021-08-02,35.3,29.1,32890.41,1.7,0,15.5,5.47,,100.7695183,2414.96,0.68,62.59,5.44,,32.2
2021-08-03,36.7,29.2,43483.74,0.0,0,18.6,7.6,,100.7695183,2414.96,0.68,62.59,5.44,,32.95
2021-08-04,36.3,28.5,37821.7,0.0,0,18.0,6.86,,100.7695183,2414.96,0.68,62.59,5.44,,32.4
2021-08-05,37.1,29.6,33772.43,0.0,0,13.8,6.12,,100.7695183,2414.96,0.68,62.59,5.44,,33.35
2021-08-06,36.9,30.7,40447.35,0.2,0,14.0,6.12,,100.7695183,2414.96,0.68,62.59,5.44,,33.8
2021-08-07,37.7,30.6,30278.21,0.5,0,14.8,6.37,,100.7695183,2414.96,0.68,62.59,5.44,,34.150000000000006
2021-08-08,37.4,29.9,30655.1,0.15,0,11.6,5.13,,100.7695183,2414.96,0.68,62.59,5.44,,33.65
2021-08-09,35.5,27.3,25200.0,6.4,0,14.2,3.99,,100.7695183,2414.96,0.68,62.59,5.44,,31.4
2021-08-10,40.1,30.2,43337.47,0.0,0,21.4,7.19,,100.7695183,2414.96,0.68,62.59,5.44,,35.15
2021-08-11,39.2,32.7,43339.41,0.0,0,23.3,8.92,,100.7695183,2414.96,0.68,62.59,5.44,,35.95
2021-08-12,37.6,32.1,43424.9,0.0,0,18.2,7.82,,100.7695183,2414.96,0.68,62.59,5.44,,34.85
2021-08-13,39.2,30.4,19690.47,0.65,0,18.7,5.69,,100.7695183,2414.96,0.68,62.59,5.44,,34.8
2021-08-14,40.2,32.6,43343.94,0.0,0,20.0,8.49,,100.7695183,2414.96,0.68,62.59,5.44,,36.400000000000006
2021-08-15,40.0,33.1,39442.68,0.0,0,17.2,8.5,,100.7695183,2414.96,0.68,62.59,5.44,,36.55
2021-08-16,40.8,32.6,43200.0,0.0,0,17.4,7.93,,100.7695183,2414.96,0.68,62.59,5.44,,36.7
2021-08-17,39.9,32.9,43200.0,0.0,0,17.5,8.15,,100.7695183,2414.96,0.68,62.59,5.44,,36.4
2021-08-18,38.9,32.2,43200.46,0.0,0,17.3,7.13,,100.7695183,2414.96,0.68,62.59,5.44,,35.55
2021-08-19,38.5,31.4,43275.52,0.0,0,20.8,7.47,,100.7695183,2414.96,0.68,62.59,5.44,,34.95
2021-08-20,32.3,28.6,13552.79,0.5,0,18.2,3.67,,100.7695183,2414.96,0.68,62.59,5.44,,30.45
2021-08-21,30.8,27.1,38341.59,0.4,0,19.8,3.87,,100.7695183,2414.96,0.68,62.59,5.44,,28.950000000000003
2021-08-22,35.3,27.1,38438.43,1.55,0,16.5,5.93,,100.7695183,2414.96,0.68,62.59,5.44,,31.2
2021-08-23,36.5,29.0,39600.0,0.45,0,14.1,5.85,,100.7695183,2414.96,0.68,62.59,5.44,,32.75
2021-08-24,36.2,29.9,40380.98,0.35,0,13.1,5.13,,100.7695183,2414.96,0.68,62.59,5.44,,33.05
2021-08-25,39.4,31.5,43050.73,0.0,0,24.1,8.32,,100.7695183,2414.96,0.68,62.59,5.44,,35.45
2021-08-26,37.9,32.0,42960.83,0.0,0,21.7,7.74,,100.7695183,2414.96,0.68,62.59,5.44,,34.95
2021-08-27,37.1,32.3,42900.32,0.0,0,13.6,5.98,,100.7695183,2414.96,0.68,62.59,5.44,,34.7
2021-08-28,37.1,28.3,33421.33,1.05,0,17.8,5.35,,100.7695183,2414.96,0.68,62.59,5.44,,32.7
2021-08-29,35.8,28.1,29864.22,0.1,0,18.4,5.0,,100.7695183,2414.96,0.68,62.59,5.44,,31.95
2021-08-30,33.9,26.4,42704.55,0.0,0,20.1,6.03,,100.7695183,2414.96,0.68,62.59,5.44,,30.15
2021-08-31,33.9,26.8,42638.54,0.0,0,19.1,6.17,,100.7695183,2414.96,0.68,62.59,5.44,,30.35
2021-09-01,30.7,26.3,30700.02,5.5,0,15.1,3.94,,100.7695183,2414.96,0.68,62.59,5.44,,28.5
2021-09-02,33.5,24.8,24282.3,4.05,0,15.4,4.07,,100.7695183,2414.96,0.68,62.59,5.44,,29.15
2021-09-03,35.5,28.2,30653.62,1.1,0,16.4,5.31,,100.7695183,2414.96,0.68,62.59,5.44,,31.85
2021-09-04,34.7,26.2,23258.42,2.95,0,10.5,3.32,,100.7695183,2414.96,0.68,62.59,5.44,,30.450000000000003
2021-09-05,36.5,28.3,31299.78,0.4,0,8.9,4.12,,100.7695183,2414.96,0.68,62.59,5.44,,32.4
2021-09-06,36.1,29.6,31142.89,0.15,0,12.5,4.79,,100.7695183,2414.96,0.68,62.59,5.44,,32.85
2021-09-07,35.4,30.3,31875.0,0.2,0,15.9,4.97,,100.7695183,2414.96,0.68,62.59,5.44,,32.85
2021-09-08,33.6,27.5,41097.27,0.0,0,21.5,6.2,,100.7695183,2414.96,0.68,62.59,5.44,,30.55
2021-09-09,34.1,27.7,34805.71,0.65,0,18.3,5.5,,100.7695183,2414.96,0.68,62.59,5.44,,30.9
2021-09-10,35.0,28.1,33818.61,0.1,0,20.8,6.11,,100.7695183,2414.96,0.68,62.59,5.44,,31.55
2021-09-11,33.4,25.7,19018.59,6.1,0,23.7,3.94,,100.7695183,2414.96,0.68,62.59,5.44,,29.549999999999997
2021-09-12,32.3,23.7,33504.78,15.1,0,15.8,3.95,,100.7695183,2414.96,0.68,62.59,5.44,,28.0
2021-09-13,34.4,27.0,40689.05,1.1,0,14.0,5.21,,100.7695183,2414.96,0.68,62.59,5.44,,30.7
2021-09-14,36.1,28.2,40330.77,0.0,0,16.6,5.79,,100.7695183,2414.96,0.68,62.59,5.44,,32.15
2021-09-15,34.4,27.6,38829.02,0.0,0,21.6,6.32,,100.7695183,2414.96,0.68,62.59,5.44,,31.0
2021-09-16,30.1,26.6,36568.78,0.9,0,18.7,4.36,,100.7695183,2414.96,0.68,62.59,5.44,,28.35
2021-09-17,29.3,25.3,15441.79,0.85,0,22.3,2.78,,100.7695183,2414.96,0.68,62.59,5.44,,27.3
2021-09-18,32.7,25.1,38735.87,0.0,0,18.4,5.11,,100.7695183,2414.96,0.68,62.59,5.44,,28.900000000000002
2021-09-19,34.9,26.9,40048.86,0.0,0,16.2,5.83,,100.7695183,2414.96,0.68,62.59,5.44,,30.9
2021-09-20,34.4,28.1,31468.58,0.05,0,16.2,4.95,,100.7695183,2414.96,0.68,62.59,5.44,,31.25
2021-09-21,35.0,29.5,25034.35,0.0,0,15.8,5.29,,100.7695183,2414.96,0.68,62.59,5.44,,32.25
2021-09-22,34.1,29.3,27506.69,0.2,0,14.8,5.05,,100.7695183,2414.96,0.68,62.59,5.44,,31.700000000000003
2021-09-23,33.4,27.4,39436.35,1.2,0,17.9,5.78,,100.7695183,2414.96,0.68,62.59,5.44,,30.4
2021-09-24,34.3,27.5,30791.79,0.15,0,15.9,5.44,,100.7695183,2414.96,0.68,62.59,5.44,,30.9
2021-09-25,35.1,27.3,39582.98,0.7,0,14.2,5.74,,100.7695183,2414.96,0.68,62.59,5.44,,31.200000000000003
2021-09-26,33.6,27.0,39465.66,0.25,0,18.1,5.7,,100.7695183,2414.96,0.68,62.59,5.44,,30.3
2021-09-27,35.5,27.7,39441.35,0.0,0,12.7,5.83,,100.7695183,2414.96,0.68,62.59,5.44,,31.6
2021-09-28,35.8,28.6,39415.68,0.0,0,17.0,5.86,,100.7695183,2414.96,0.68,62.59,5.44,,32.2
2021-09-29,35.6,28.3,33061.0,0.0,0,14.6,5.75,,100.7695183,2414.96,0.68,62.59,5.44,,31.950000000000003
2021-09-30,35.6,28.4,33764.96,0.05,0,13.0,5.44,,100.7695183,2414.96,0.68,62.59,5.44,,32.0
2021-10-01,35.4,29.3,23707.92,0.15,0,13.0,4.4,,100.7695183,2414.96,0.68,62.59,5.44,,32.35
2021-10-02,36.9,30.2,38140.66,0.05,0,15.3,4.98,,100.7695183,2414.96,0.68,62.59,5.44,,33.55
2021-10-03,37.3,30.8,39119.27,0.0,0,21.0,6.08,,100.7695183,2414.96,0.68,62.59,5.44,,34.05
2021-10-04,37.8,31.4,39086.15,0.0,0,13.3,6.06,,100.7695183,2414.96,0.68,62.59,5.44,,34.599999999999994
2021-10-05,37.2,30.1,33294.9,0.15,0,14.1,5.23,,100.7695183,2414.96,0.68,62.59,5.44,,33.650000000000006
2021-10-06,36.2,30.0,39018.86,0.05,0,16.2,5.95,,100.7695183,2414.96,0.68,62.59,5.44,,33.1
2021-10-07,35.3,29.4,38984.66,0.0,0,16.1,6.21,,100.7695183,2414.96,0.68,62.59,5.44,,32.349999999999994
2021-10-08,36.4,29.0,38950.06,0.0,0,15.1,6.03,,100.7695183,2414.96,0.68,62.59,5.44,,32.7
2021-10-09,37.2,28.8,38915.04,0.0,0,14.3,6.08,,100.7695183,2414.96,0.68,62.59,5.44,,33.0
2021-10-10,37.1,29.2,38879.59,0.0,0,14.5,5.3,,100.7695183,2414.96,0.68,62.59,5.44,,33.15
2021-10-11,37.1,29.1,38843.68,0.0,0,10.7,5.71,,100.7695183,2414.96,0.68,62.59,5.44,,33.1
2021-10-12,37.0,29.3,38807.3,0.0,0,14.4,5.66,,100.7695183,2414.96,0.68,62.59,5.44,,33.15
2021-10-13,35.1,28.7,38770.42,0.0,0,17.3,7.1,,100.7695183,2414.96,0.68,62.59,5.44,,31.9
2021-10-14,34.3,26.6,38693.86,0.0,0,14.9,7.11,,100.7695183,2414.96,0.68,62.59,5.44,,30.45
2021-10-15,35.4,26.3,38593.09,0.0,0,13.0,6.43,,100.7695183,2414.96,0.68,62.59,5.44,,30.85
2021-10-16,36.1,27.3,38492.11,0.0,0,9.7,5.42,,100.7695183,2414.96,0.68,62.59,5.44,,31.700000000000003
2021-10-17,32.7,22.6,31928.94,1.5,0,22.7,4.43,,100.7695183,2414.96,0.68,62.59,5.44,,27.650000000000002
2021-10-18,22.7,21.7,0.0,24.25,0,19.2,0.92,,100.7695183,2414.96,0.68,62.59,5.44,,22.2
2021-10-19,31.9,21.6,38187.25,0.0,0,17.1,4.64,,100.7695183,2414.96,0.68,62.59,5.44,,26.75
2021-10-20,32.5,25.0,38086.3,0.0,0,16.4,5.17,,100.7695183,2414.96,0.68,62.59,5.44,,28.75
2021-10-21,33.5,25.4,37984.79,0.0,0,18.8,6.27,,100.7695183,2414.96,0.68,62.59,5.44,,29.45
2021-10-22,33.2,25.4,37883.43,0.0,0,14.5,6.23,,100.7695183,2414.96,0.68,62.59,5.44,,29.3
2021-10-23,31.9,25.6,37507.23,0.0,0,18.2,5.64,,100.7695183,2414.96,0.68,62.59,5.44,,28.75
2021-10-24,31.2,22.5,26247.21,0.0,0,20.7,4.84,,100.7695183,2414.96,0.68,62.59,5.44,,26.85
2021-10-25,29.7,22.7,33724.98,1.05,0,16.6,4.55,,100.7695183,2414.96,0.68,62.59,5.44,,26.2
2021-10-26,28.8,22.6,37182.11,0.0,0,13.0,5.11,,100.7695183,2414.96,0.68,62.59,5.44,,25.700000000000003
2021-10-27,29.5,23.0,37119.91,0.0,0,16.6,4.89,,100.7695183,2414.96,0.68,62.59,5.44,,26.25
2021-10-28,29.1,22.6,36927.05,0.0,0,11.9,4.89,,100.7695183,2414.96,0.68,62.59,5.44,,25.85
2021-10-29,29.9,23.2,36866.89,0.0,0,11.6,4.12,,100.7695183,2414.96,0.68,62.59,5.44,,26.549999999999997
2021-10-30,29.6,23.4,36807.21,0.0,0,15.7,4.94,,100.7695183,2414.96,0.68,62.59,5.44,,26.5
2021-10-31,30.1,23.2,36494.17,0.0,0,12.0,5.02,,100.7695183,2414.96,0.68,62.59,5.44,,26.65
2021-11-01,30.0,22.3,36313.04,0.0,0,13.9,5.31,,100.7695183,2414.96,0.68,62.59,5.44,,26.15
2021-11-02,29.4,22.0,36107.69,0.0,0,14.3,5.39,,100.7695183,2414.96,0.68,62.59,5.44,,25.7
2021-11-03,29.7,22.5,35709.79,0.0,0,11.5,4.64,,100.7695183,2414.96,0.68,62.59,5.44,,26.1
2021-11-04,29.3,22.8,35821.07,0.0,0,9.1,4.08,,100.7695183,2414.96,0.68,62.59,5.44,,26.05
2021-11-05,28.7,22.4,34861.7,0.0,0,10.4,4.21,,100.7695183,2414.96,0.68,62.59,5.44,,25.549999999999997
2021-11-06,29.8,22.9,35658.25,0.0,0,18.7,5.25,,100.7695183,2414.96,0.68,62.59,5.44,,26.35
2021-11-07,29.8,22.7,35393.21,0.0,0,12.3,4.84,,100.7695183,2414.96,0.68,62.59,5.44,,26.25
2021-11-08,29.9,23.0,35267.46,0.0,0,14.4,4.66,,100.7695183,2414.96,0.68,62.59,5.44,,26.45
2021-11-09,29.2,22.5,35010.97,0.0,0,13.4,4.78,,100.7695183,2414.96,0.68,62.59,5.44,,25.85
2021-11-10,29.7,22.5,35243.51,0.0,0,12.5,3.92,,100.7695183,2414.96,0.68,62.59,5.44,,26.1
2021-11-11,29.2,21.9,34752.28,0.0,0,12.0,3.94,,100.7695183,2414.96,0.68,62.59,5.44,,25.549999999999997
2021-11-12,28.8,22.1,34874.0,0.0,0,15.2,4.2,,100.7695183,2414.96,0.68,62.59,5.44,,25.450000000000003
2021-11-13,27.9,21.6,34631.34,0.0,0,11.8,4.04,,100.7695183,2414.96,0.68,62.59,5.44,,24.75
2021-11-14,27.7,21.1,34723.86,0.0,0,8.1,3.66,,100.7695183,2414.96,0.68,62.59,5.44,,24.4
2021-11-15,26.9,21.1,34388.73,0.0,0,10.4,3.78,,100.7695183,2414.96,0.68,62.59,5.44,,24.0
2021-11-16,26.6,20.5,34256.04,0.0,0,10.2,3.61,,100.7695183,2414.96,0.68,62.59,5.44,,23.55
2021-11-17,25.7,20.2,34156.35,0.0,0,8.2,3.7,,100.7695183,2414.96,0.68,62.59,5.44,,22.95
2021-11-18,26.5,20.1,34027.29,0.0,0,5.3,3.2,,100.7695183,2414.96,0.68,62.59,5.44,,23.3
2021-11-19,26.5,20.1,33934.86,0.0,0,5.7,3.32,,100.7695183,2414.96,0.68,62.59,5.44,,23.3
2021-11-20,27.2,21.2,33601.89,0.0,0,6.4,2.92,,100.7695183,2414.96,0.68,62.59,5.44,,24.2
2021-11-21,28.0,20.8,33846.8,0.0,0,14.1,4.73,,100.7695183,2414.96,0.68,62.59,5.44,,24.4
2021-11-22,27.5,19.4,33845.73,0.0,0,18.8,5.65,,100.7695183,2414.96,0.68,62.59,5.44,,23.45
2021-11-23,26.8,19.2,33647.41,0.0,0,10.7,4.58,,100.7695183,2414.96,0.68,62.59,5.44,,23.0
2021-11-24,26.5,19.8,33528.79,0.0,0,8.2,3.9,,100.7695183,2414.96,0.68,62.59,5.44,,23.15
2021-11-25,26.1,19.1,33460.59,0.0,0,8.4,3.59,,100.7695183,2414.96,0.68,62.59,5.44,,22.6
2021-11-26,26.2,20.2,33464.93,0.0,0,6.3,3.01,,100.7695183,2414.96,0.68,62.59,5.44,,23.2
2021-11-27,25.9,19.5,33349.93,0.0,0,9.8,3.83,,100.7695183,2414.96,0.68,62.59,5.44,,22.7
2021-11-28,26.0,19.4,33321.38,0.0,0,9.5,3.36,,100.7695183,2414.96,0.68,62.59,5.44,,22.7
2021-11-29,26.2,19.3,33475.38,0.0,0,12.8,3.91,,100.7695183,2414.96,0.68,62.59,5.44,,22.75
2021-11-30,25.6,18.3,33596.25,0.0,0,11.5,4.2,,100.7695183,2414.96,0.68,62.59,5.44,,21.950000000000003
2021-12-01,24.2,19.7,31419.97,0.0,0,10.8,2.86,,100.7695183,2414.96,0.68,62.59,5.44,,21.95
2021-12-02,22.0,19.8,11647.89,0.0,0,10.5,2.2,,100.7695183,2414.96,0.68,62.59,5.44,,20.9
2021-12-03,23.1,19.2,19278.92,0.0,0,6.4,1.98,,100.7695183,2414.96,0.68,62.59,5.44,,21.15
2021-12-04,25.4,18.7,33208.27,0.0,0,5.5,2.74,,100.7695183,2414.96,0.68,62.59,5.44,,22.049999999999997
2021-12-05,25.3,19.5,30372.37,0.0,0,10.0,3.02,,100.7695183,2414.96,0.68,62.59,5.44,,22.4
2021-12-06,25.3,19.8,32720.37,0.0,0,12.1,3.28,,100.7695183,2414.96,0.68,62.59,5.44,,22.55
2021-12-07,24.5,18.0,33331.88,0.0,0,12.0,3.88,,100.7695183,2414.96,0.68,62.59,5.44,,21.25
2021-12-08,23.7,17.5,33453.64,0.0,0,8.7,3.38,,100.7695183,2414.96,0.68,62.59,5.44,,20.6
2021-12-09,23.4,17.5,33456.25,0.0,0,6.9,2.83,,100.7695183,2414.96,0.68,62.59,5.44,,20.45
2021-12-10,23.5,17.4,33459.03,0.0,0,10.3,3.13,,100.7695183,2414.96,0.68,62.59,5.44,,20.45
2021-12-11,23.0,16.6,33583.25,0.0,0,8.1,3.29,,100.7695183,2414.96,0.68,62.59,5.44,,19.8
2021-12-12,21.9,16.8,33581.92,0.0,0,6.5,2.61,,100.7695183,2414.96,0.68,62.59,5.44,,19.35
2021-12-13,20.7,15.9,33424.44,0.0,0,8.2,2.92,,100.7695183,2414.96,0.68,62.59,5.44,,18.3
2021-12-14,21.5,15.2,33390.56,0.0,0,7.1,2.68,,100.7695183,2414.96,0.68,62.59,5.44,,18.35
2021-12-15,21.7,14.9,33606.02,0.0,0,8.8,3.36,,100.7695183,2414.96,0.68,62.59,5.44,,18.3
2021-12-16,21.9,14.7,33450.71,0.0,0,14.5,3.5,,100.7695183,2414.96,0.68,62.59,5.44,,18.299999999999997
2021-12-17,19.3,13.6,33546.26,0.0,0,19.2,4.74,,100.7695183,2414.96,0.68,62.59,5.44,,16.45
2021-12-18,19.8,12.1,33644.64,0.0,0,18.8,4.43,,100.7695183,2414.96,0.68,62.59,5.44,,15.95
2021-12-19,19.6,10.9,33746.09,0.0,0,14.6,4.42,,100.7695183,2414.96,0.68,62.59,5.44,,15.25
2021-12-20,19.9,11.9,33592.56,0.0,0,9.8,3.6,,100.7695183,2414.96,0.68,62.59,5.44,,15.899999999999999
2021-12-21,20.9,13.3,33437.83,0.0,0,5.6,2.86,,100.7695183,2414.96,0.68,62.59,5.44,,17.1
2021-12-22,22.0,14.2,33676.11,0.0,0,5.6,2.66,,100.7695183,2414.96,0.68,62.59,5.44,,18.1
2021-12-23,22.7,15.6,33389.67,0.0,0,10.5,3.27,,100.7695183,2414.96,0.68,62.59,5.44,,19.15
2021-12-24,22.5,15.4,33501.13,0.0,0,8.2,3.13,,100.7695183,2414.96,0.68,62.59,5.44,,18.95
2021-12-25,22.4,15.3,33616.28,0.0,0,6.2,2.66,,100.7695183,2414.96,0.68,62.59,5.44,,18.85
2021-12-26,20.6,16.2,25120.83,0.85,0,11.9,2.26,,100.7695183,2414.96,0.68,62.59,5.44,,18.4
2021-12-27,20.9,14.5,33858.0,0.95,0,13.5,2.33,,100.7695183,2414.96,0.68,62.59,5.44,,17.7
2021-12-28,18.4,14.8,21431.03,1.8,0,15.2,1.9,,100.7695183,2414.96,0.68,62.59,5.44,,16.6
2021-12-29,20.6,13.8,34115.33,0.0,0,11.2,2.71,,100.7695183,2414.96,0.68,62.59,5.44,,17.200000000000003
2021-12-30,18.2,12.6,34153.73,0.0,0,7.4,2.47,,100.7695183,2414.96,0.68,62.59,5.44,,15.399999999999999
2021-12-31,18.8,11.7,34177.5,0.0,0,8.5,2.93,,100.7695183,2414.96,0.68,62.59,5.44,,15.25
2022-01-01,19.9,12.4,34203.75,0.0,0,6.5,2.71,,100.7695183,2414.96,0.68,62.59,5.44,,16.15
2022-01-02,20.6,13.1,34232.48,0.0,0,7.4,2.74,,100.7695183,2414.96,0.68,62.59,5.44,,16.85
2022-01-03,21.7,13.3,34263.8,0.0,0,7.8,3.14,,100.7695183,2414.96,0.68,62.59,5.44,,17.5
2022-01-04,22.5,14.7,34242.21,0.0,0,8.2,2.64,,100.7695183,2414.96,0.68,62.59,5.44,,18.6
2022-01-05,19.3,14.9,4972.56,1.0,0,16.8,1.53,,100.7695183,2414.96,0.68,62.59,5.44,,17.1
2022-01-06,19.4,12.9,22394.11,3.6,0,18.4,1.96,,100.7695183,2414.96,0.68,62.59,5.44,,16.15
2022-01-07,22.2,14.7,33182.84,0.15,0,19.5,2.64,,100.7695183,2414.96,0.68,62.59,5.44,,18.45
2022-01-08,18.0,15.5,3516.83,2.05,0,19.7,0.69,,100.7695183,2414.96,0.68,62.59,5.44,,16.75
2022-01-09,17.6,14.1,13957.01,0.9,0,15.1,0.98,,100.7695183,2414.96,0.68,62.59,5.44,,15.850000000000001
2022-01-10,18.8,11.3,34561.5,0.0,0,10.8,2.47,,100.7695183,2414.96,0.68,62.59,5.44,,15.05
2022-01-11,18.9,11.5,34613.97,0.0,0,11.1,2.63,,100.7695183,2414.96,0.68,62.59,5.44,,15.2
2022-01-12,18.9,11.5,34668.64,0.0,0,8.8,2.53,,100.7695183,2414.96,0.68,62.59,5.44,,15.2
2022-01-13,18.9,12.4,34725.4,0.0,0,5.6,2.27,,100.7695183,2414.96,0.68,62.59,5.44,,15.649999999999999
2022-01-14,18.2,11.3,34784.18,0.0,0,7.1,2.36,,100.7695183,2414.96,0.68,62.59,5.44,,14.75
2022-01-15,18.8,10.4,34844.85,0.0,0,7.6,2.42,,100.7695183,2414.96,0.68,62.59,5.44,,14.600000000000001
2022-01-16,19.5,10.8,34907.34,0.0,0,10.3,2.96,,100.7695183,2414.96,0.68,62.59,5.44,,15.15
2022-01-17,18.6,11.0,34971.55,0.0,0,7.4,2.27,,100.7695183,2414.96,0.68,62.59,5.44,,14.8
2022-01-18,19.2,10.5,35037.38,0.0,0,14.2,3.1,,100.7695183,2414.96,0.68,62.59,5.44,,14.85
2022-01-19,20.1,10.9,31757.72,0.0,0,11.7,2.95,,100.7695183,2414.96,0.68,62.59,5.44,,15.5
2022-01-20,21.0,12.5,35173.57,0.0,0,6.6,2.58,,100.7695183,2414.96,0.68,62.59,5.44,,16.75
2022-01-21,20.6,12.3,35243.74,0.0,0,9.8,2.78,,100.7695183,2414.96,0.68,62.59,5.44,,16.450000000000003
2022-01-22,15.8,12.3,18746.41,7.3,0,25.1,1.71,,100.7695183,2414.96,0.68,62.59,5.44,,14.05
2022-01-23,17.1,11.5,28270.33,1.45,0,19.1,1.52,,100.7695183,2414.96,0.68,62.59,5.44,,14.3
2022-01-24,18.0,10.7,35462.75,0.0,0,6.5,2.39,,100.7695183,2414.96,0.68,62.59,5.44,,14.35
2022-01-25,17.4,10.3,35539.73,0.0,0,12.9,2.57,,100.7695183,2414.96,0.68,62.59,5.44,,13.85
2022-01-26,17.4,10.1,35590.77,0.0,0,16.3,2.62,,100.7695183,2414.96,0.68,62.59,5.44,,13.75
2022-01-27,18.6,10.3,35618.93,0.0,0,15.3,3.05,,100.7695183,2414.96,0.68,62.59,5.44,,14.450000000000001
2022-01-28,19.1,9.7,35648.72,0.0,0,17.7,3.63,,100.7695183,2414.96,0.68,62.59,5.44,,14.4
2022-01-29,20.6,10.9,35680.08,0.0,0,13.8,3.26,,100.7695183,2414.96,0.68,62.59,5.44,,15.75
2022-01-30,22.7,11.8,35712.95,0.0,0,19.0,3.96,,100.7695183,2414.96,0.68,62.59,5.44,,17.25
2022-01-31,23.3,12.8,35747.27,0.0,0,9.4,3.32,,100.7695183,2414.96,0.68,62.59,5.44,,18.05
2022-02-01,23.2,13.6,35782.98,0.0,0,16.0,3.5,,100.7695183,2414.96,0.68,62.59,5.44,,18.4
2022-02-02,22.6,12.1,35820.01,0.0,0,12.8,3.4,,100.7695183,2414.96,0.68,62.59,5.44,,17.35
2022-02-03,17.5,12.1,35858.31,0.95,0,24.4,2.58,,100.7695183,2414.96,0.68,62.59,5.44,,14.8
2022-02-04,16.7,11.8,34844.87,1.7,0,15.7,1.81,,100.7695183,2414.96,0.68,62.59,5.44,,14.25
2022-02-05,19.4,10.3,35938.52,0.0,0,11.5,2.82,,100.7695183,2414.96,0.68,62.59,5.44,,14.85
2022-02-06,21.9,11.4,36011.32,0.0,0,9.0,3.05,,100.7695183,2414.96,0.68,62.59,5.44,,16.65
2022-02-07,24.0,13.2,36000.0,0.0,0,8.4,3.34,,100.7695183,2414.96,0.68,62.59,5.44,,18.6
2022-02-08,24.8,14.7,36023.25,0.05,0,7.3,3.22,,100.7695183,2414.96,0.68,62.59,5.44,,19.75
2022-02-09,18.5,13.2,25758.93,13.8,0,16.3,2.12,,100.7695183,2414.96,0.68,62.59,5.44,,15.85
2022-02-10,21.2,12.2,36082.4,0.0,0,17.1,3.35,,100.7695183,2414.96,0.68,62.59,5.44,,16.7
2022-02-11,21.7,11.6,36152.02,0.0,0,18.8,4.19,,100.7695183,2414.96,0.68,62.59,5.44,,16.65
2022-02-12,22.9,11.6,36151.35,0.0,0,14.3,4.24,,100.7695183,2414.96,0.68,62.59,5.44,,17.25
2022-02-13,23.9,13.1,36149.97,0.0,0,6.3,3.4,,100.7695183,2414.96,0.68,62.59,5.44,,18.5
2022-02-14,24.2,13.7,36147.92,0.0,0,7.9,3.55,,100.7695183,2414.96,0.68,62.59,5.44,,18.95
2022-02-15,25.4,14.2,36145.24,0.0,0,7.1,3.82,,100.7695183,2414.96,0.68,62.59,5.44,,19.799999999999997
2022-02-16,25.7,15.0,36228.07,0.0,0,15.9,3.93,,100.7695183,2414.96,0.68,62.59,5.44,,20.35
2022-02-17,26.3,14.9,36315.16,0.0,0,13.8,4.53,,100.7695183,2414.96,0.68,62.59,5.44,,20.6
2022-02-18,26.8,15.6,36224.65,0.0,0,13.8,4.27,,100.7695183,2414.96,0.68,62.59,5.44,,21.2
2022-02-19,25.6,15.3,36436.52,0.0,0,16.4,4.66,,100.7695183,2414.96,0.68,62.59,5.44,,20.450000000000003
2022-02-20,24.9,14.5,36409.39,0.0,0,19.7,5.44,,100.7695183,2414.96,0.68,62.59,5.44,,19.7
2022-02-21,25.2,13.7,36525.5,0.0,0,11.6,4.43,,100.7695183,2414.96,0.68,62.59,5.44,,19.45
2022-02-22,26.6,15.2,36589.19,0.0,0,25.3,5.6,,100.7695183,2414.96,0.68,62.59,5.44,,20.9
2022-02-23,24.8,16.0,36514.64,0.0,0,25.0,5.03,,100.7695183,2414.96,0.68,62.59,5.44,,20.4
2022-02-24,26.0,15.6,36582.54,0.0,0,12.5,3.49,,100.7695183,2414.96,0.68,62.59,5.44,,20.8
2022-02-25,27.1,16.5,36576.79,0.0,0,17.3,4.57,,100.7695183,2414.96,0.68,62.59,5.44,,21.8
2022-02-26,25.0,15.2,36758.83,0.45,0,22.8,4.73,,100.7695183,2414.96,0.68,62.59,5.44,,20.1
2022-02-27,25.6,14.7,36971.64,0.0,0,14.9,4.7,,100.7695183,2414.96,0.68,62.59,5.44,,20.15
2022-02-28,25.5,13.6,37148.2,0.0,0,12.6,4.99,,100.7695183,2414.96,0.68,62.59,5.44,,19.55
2022-03-01,26.6,15.2,37131.81,0.0,0,12.7,4.85,,100.7695183,2414.96,0.68,62.59,5.44,,20.9
2022-03-02,27.4,16.2,37360.23,0.0,0,12.2,4.72,,100.7695183,2414.96,0.68,62.59,5.44,,21.799999999999997
2022-03-03,28.6,17.1,37249.52,0.0,0,9.4,4.73,,100.7695183,2414.96,0.68,62.59,5.44,,22.85
2022-03-04,27.2,17.8,37583.07,0.0,0,15.4,5.15,,100.7695183,2414.96,0.68,62.59,5.44,,22.5
2022-03-05,27.7,16.1,37691.56,0.0,0,16.0,5.52,,100.7695183,2414.96,0.68,62.59,5.44,,21.9
2022-03-06,28.7,18.1,37341.48,0.0,0,8.4,4.37,,100.7695183,2414.96,0.68,62.59,5.44,,23.4
2022-03-07,30.4,19.6,37940.84,0.0,0,9.7,4.76,,100.7695183,2414.96,0.68,62.59,5.44,,25.0
2022-03-08,31.7,19.5,38281.02,0.0,0,12.5,5.44,,100.7695183,2414.96,0.68,62.59,5.44,,25.6
2022-03-09,32.0,20.0,38291.77,0.0,0,13.3,5.98,,100.7695183,2414.96,0.68,62.59,5.44,,26.0
2022-03-10,31.1,20.2,38300.75,0.0,0,13.7,5.9,,100.7695183,2414.96,0.68,62.59,5.44,,25.65
2022-03-11,32.2,20.3,39039.39,0.0,0,15.0,6.43,,100.7695183,2414.96,0.68,62.59,5.44,,26.25
2022-03-12,32.8,19.7,39298.32,0.0,0,15.0,6.33,,100.7695183,2414.96,0.68,62.59,5.44,,26.25
2022-03-13,33.8,21.8,39193.23,0.0,0,10.9,5.89,,100.7695183,2414.96,0.68,62.59,5.44,,27.799999999999997
2022-03-14,35.2,23.2,39333.75,0.0,0,11.8,5.48,,100.7695183,2414.96,0.68,62.59,5.44,,29.200000000000003
2022-03-15,38.0,24.1,39476.81,0.0,0,11.6,5.99,,100.7695183,2414.96,0.68,62.59,5.44,,31.05
2022-03-16,39.6,24.0,40142.51,0.0,0,22.2,7.96,,100.7695183,2414.96,0.68,62.59,5.44,,31.8
2022-03-17,37.0,24.7,40164.11,0.0,0,15.5,6.69,,100.7695183,2414.96,0.68,62.59,5.44,,30.85
2022-03-18,37.2,24.5,40449.92,0.0,0,14.5,6.61,,100.7695183,2414.96,0.68,62.59,5.44,,30.85
2022-03-19,37.7,25.1,40733.71,0.0,0,10.2,6.64,,100.7695183,2414.96,0.68,62.59,5.44,,31.400000000000002
2022-03-20,38.8,25.6,40810.66,0.0,0,7.9,6.16,,100.7695183,2414.96,0.68,62.59,5.44,,32.2
2022-03-21,37.7,26.5,40984.36,0.0,0,7.9,5.96,,100.7695183,2414.96,0.68,62.59,5.44,,32.1
2022-03-22,37.8,25.4,41087.51,0.0,0,19.8,8.73,,100.7695183,2414.96,0.68,62.59,5.44,,31.599999999999998
2022-03-23,37.8,24.8,41190.0,0.0,0,19.4,7.9,,100.7695183,2414.96,0.68,62.59,5.44,,31.299999999999997
2022-03-24,37.1,26.4,41291.77,0.0,0,18.7,7.21,,100.7695183,2414.96,0.68,62.59,5.44,,31.75
2022-03-25,37.1,25.5,41393.27,0.0,0,15.6,7.76,,100.7695183,2414.96,0.68,62.59,5.44,,31.3
2022-03-26,37.5,24.7,41495.0,0.0,0,23.8,8.98,,100.7695183,2414.96,0.68,62.59,5.44,,31.1
2022-03-27,38.9,25.1,41596.87,0.0,0,16.6,8.6,,100.7695183,2414.96,0.68,62.59,5.44,,32.0
2022-03-28,40.0,26.7,41698.8,0.0,0,15.2,7.31,,100.7695183,2414.96,0.68,62.59,5.44,,33.35
2022-03-29,41.0,27.4,41800.75,0.0,0,14.6,7.41,,100.7695183,2414.96,0.68,62.59,5.44,,34.2
2022-03-30,40.3,27.7,41902.64,0.0,0,6.1,6.05,,100.7695183,2414.96,0.68,62.59,5.44,,34.0
2022-03-31,40.6,27.9,42004.42,0.0,0,13.0,8.03,,100.7695183,2414.96,0.68,62.59,5.44,,34.25
2022-04-01,39.2,27.1,42106.0,0.0,0,17.7,8.39,,100.7695183,2414.96,0.68,62.59,5.44,,33.150000000000006
2022-04-02,39.3,26.4,42207.34,0.0,0,8.7,6.69,,100.7695183,2414.96,0.68,62.59,5.44,,32.849999999999994
2022-04-03,40.4,27.1,42308.35,0.0,0,11.8,8.06,,100.7695183,2414.96,0.68,62.59,5.44,,33.75
2022-04-04,39.3,27.7,42408.99,0.0,0,15.2,7.94,,100.7695183,2414.96,0.68,62.59,5.44,,33.5
2022-04-05,39.8,27.3,42496.18,0.0,0,14.8,8.07,,100.7695183,2414.96,0.68,62.59,5.44,,33.55
2022-04-06,40.1,28.3,42528.38,0.0,0,15.0,8.13,,100.7695183,2414.96,0.68,62.59,5.44,,34.2
2022-04-07,40.8,29.0,42560.59,0.0,0,15.9,8.0,,100.7695183,2414.96,0.68,62.59,5.44,,34.9
2022-04-08,41.7,29.7,42592.82,0.0,0,12.4,7.6,,100.7695183,2414.96,0.68,62.59,5.44,,35.7
2022-04-09,42.7,30.4,42625.1,0.0,0,13.5,7.08,,100.7695183,2414.96,0.68,62.59,5.44,,36.55
2022-04-10,42.3,31.0,42657.44,0.0,0,16.1,8.54,,100.7695183,2414.96,0.68,62.59,5.44,,36.65
2022-04-11,42.4,31.4,42689.86,0.0,0,13.8,8.7,,100.7695183,2414.96,0.68,62.59,5.44,,36.9
2022-04-12,39.8,32.4,42722.39,0.0,0,10.1,6.65,,100.7695183,2414.96,0.68,62.59,5.44,,36.099999999999994
2022-04-13,40.6,31.0,42755.02,0.0,0,18.5,8.47,,100.7695183,2414.96,0.68,62.59,5.44,,35.8
2022-04-14,40.2,30.4,42787.71,0.0,0,19.6,9.15,,100.7695183,2414.96,0.68,62.59,5.44,,35.3
2022-04-15,39.8,30.8,42844.46,0.0,0,20.1,8.91,,100.7695183,2414.96,0.68,62.59,5.44,,35.3
2022-04-16,40.7,30.0,42871.92,0.0,0,20.1,8.59,,100.7695183,2414.96,0.68,62.59,5.44,,35.35
2022-04-17,41.5,30.5,42898.5,0.0,0,14.0,8.03,,100.7695183,2414.96,0.68,62.59,5.44,,36.0
2022-04-18,42.3,31.2,42924.32,0.0,0,15.1,8.16,,100.7695183,2414.96,0.68,62.59,5.44,,36.75
2022-04-19,42.3,32.4,43023.22,0.0,0,23.3,9.84,,100.7695183,2414.96,0.68,62.59,5.44,,37.349999999999994
2022-04-20,41.8,31.9,43128.48,0.0,0,20.9,10.13,,100.7695183,2414.96,0.68,62.59,5.44,,36.849999999999994
2022-04-21,37.7,33.1,39660.66,0.05,0,22.9,6.75,,100.7695183,2414.96,0.68,62.59,5.44,,35.400000000000006
2022-04-22,38.8,29.1,43188.89,0.05,0,21.3,7.97,,100.7695183,2414.96,0.68,62.59,5.44,,33.95
2022-04-23,39.8,30.7,43304.93,0.0,0,15.9,8.12,,100.7695183,2414.96,0.68,62.59,5.44,,35.25
2022-04-24,40.5,30.8,43426.18,0.0,0,23.1,9.95,,100.7695183,2414.96,0.68,62.59,5.44,,35.65
2022-04-25,40.9,31.2,43367.11,0.0,0,18.9,9.54,,100.7695183,2414.96,0.68,62.59,5.44,,36.05
2022-04-26,41.4,31.9,43587.87,0.0,0,16.4,8.65,,100.7695183,2414.96,0.68,62.59,5.44,,36.65
2022-04-27,42.4,32.4,43605.88,0.0,0,18.0,8.67,,100.7695183,2414.96,0.68,62.59,5.44,,37.4
2022-04-28,43.6,33.5,43706.96,0.0,0,14.1,8.87,,100.7695183,2414.96,0.68,62.59,5.44,,38.55
2022-04-29,43.9,34.0,43606.79,0.0,0,21.6,10.42,,100.7695183,2414.96,0.68,62.59,5.44,,38.95
2022-04-30,43.9,34.5,43711.2,0.0,0,10.7,8.18,,100.7695183,2414.96,0.68,62.59,5.44,,39.2
2022-05-01,42.6,33.6,43819.36,0.0,0,19.4,10.5,,100.7695183,2414.96,0.68,62.59,5.44,,38.1
2022-05-02,43.0,31.2,43822.02,0.0,0,19.6,10.06,,100.7695183,2414.96,0.68,62.59,5.44,,37.1
2022-05-03,41.7,32.1,43824.1,0.0,0,20.5,8.31,,100.7695183,2414.96,0.68,62.59,5.44,,36.900000000000006
2022-05-04,40.9,32.1,37019.73,0.05,0,24.5,9.41,,100.7695183,2414.96,0.68,62.59,5.44,,36.5
2022-05-05,38.9,30.7,43941.42,0.0,0,16.4,7.79,,100.7695183,2414.96,0.68,62.59,5.44,,34.8
2022-05-06,39.9,32.6,43272.79,0.05,0,13.7,7.3,,100.7695183,2414.96,0.68,62.59,5.44,,36.25
2022-05-07,41.5,33.0,44181.76,0.0,0,20.7,8.45,,100.7695183,2414.96,0.68,62.59,5.44,,37.25
2022-05-08,41.3,32.7,44306.09,0.0,0,11.7,8.72,,100.7695183,2414.96,0.68,62.59,5.44,,37.0
2022-05-09,41.7,32.1,44312.02,0.0,0,16.4,9.83,,100.7695183,2414.96,0.68,62.59,5.44,,36.900000000000006
2022-05-10,40.9,32.3,44317.43,0.0,0,19.2,9.7,,100.7695183,2414.96,0.68,62.59,5.44,,36.599999999999994
2022-05-11,41.8,32.7,44322.39,0.0,0,18.4,9.33,,100.7695183,2414.96,0.68,62.59,5.44,,37.25
2022-05-12,43.5,33.4,44452.22,0.0,0,15.7,9.15,,100.7695183,2414.96,0.68,62.59,5.44,,38.45
2022-05-13,45.2,32.2,44584.27,0.0,0,19.9,9.72,,100.7695183,2414.96,0.68,62.59,5.44,,38.7
2022-05-14,45.8,35.0,44846.23,0.0,0,16.1,9.47,,100.7695183,2414.96,0.68,62.59,5.44,,40.4
2022-05-15,46.2,35.7,45012.57,0.0,0,15.9,9.24,,100.7695183,2414.96,0.68,62.59,5.44,,40.95
2022-05-16,42.6,36.6,43964.31,0.0,0,26.7,9.29,,100.7695183,2414.96,0.68,62.59,5.44,,39.6
2022-05-17,43.0,35.2,44869.62,0.0,0,13.1,9.18,,100.7695183,2414.96,0.68,62.59,5.44,,39.1
2022-05-18,42.7,33.2,44876.51,0.0,0,20.2,8.9,,100.7695183,2414.96,0.68,62.59,5.44,,37.95
2022-05-19,44.2,34.5,45034.55,0.0,0,11.5,8.99,,100.7695183,2414.96,0.68,62.59,5.44,,39.35
2022-05-20,46.3,36.0,45172.48,0.0,0,22.9,10.44,,100.7695183,2414.96,0.68,62.59,5.44,,41.15
2022-05-21,42.9,30.0,41429.73,1.2,0,46.1,10.27,,100.7695183,2414.96,0.68,62.59,5.44,,36.45
2022-05-22,41.1,31.1,44907.92,0.05,0,26.3,8.67,,100.7695183,2414.96,0.68,62.59,5.44,,36.1
2022-05-23,39.1,25.4,38749.29,27.05,0,31.1,9.77,,100.7695183,2414.96,0.68,62.59,5.44,,32.25
2022-05-24,35.1,24.3,45123.81,0.8,0,30.3,7.77,,100.7695183,2414.96,0.68,62.59,5.44,,29.700000000000003
2022-05-25,36.1,28.4,45190.08,0.0,0,13.7,7.55,,100.7695183,2414.96,0.68,62.59,5.44,,32.25
2022-05-26,39.0,30.6,45406.32,0.0,0,16.6,8.14,,100.7695183,2414.96,0.68,62.59,5.44,,34.8
2022-05-27,42.2,32.4,45409.21,0.1,0,18.5,9.2,,100.7695183,2414.96,0.68,62.59,5.44,,37.3
2022-05-28,43.9,34.0,45271.54,0.0,0,21.3,8.89,,100.7695183,2414.96,0.68,62.59,5.44,,38.95
2022-05-29,44.1,34.1,45780.05,0.0,0,24.3,10.02,,100.7695183,2414.96,0.68,62.59,5.44,,39.1
2022-05-30,43.4,33.6,45804.12,0.0,0,23.5,9.18,,100.7695183,2414.96,0.68,62.59,5.44,,38.5
2022-05-31,41.9,34.0,45903.85,0.0,0,20.6,10.26,,100.7695183,2414.96,0.68,62.59,5.44,,37.95
2022-06-01,43.8,35.1,45914.56,0.0,0,13.5,8.89,,100.7695183,2414.96,0.68,62.59,5.44,,39.45
2022-06-02,43.9,35.7,45831.42,0.0,0,15.9,10.04,,100.7695183,2414.96,0.68,62.59,5.44,,39.8
2022-06-03,44.3,36.3,46025.59,0.0,0,21.3,9.88,,100.7695183,2414.96,0.68,62.59,5.44,,40.3
2022-06-04,44.6,35.7,46033.54,0.0,0,19.8,9.11,,100.7695183,2414.96,0.68,62.59,5.44,,40.150000000000006
2022-06-05,44.3,35.6,46040.13,0.0,0,17.3,11.06,,100.7695183,2414.96,0.68,62.59,5.44,,39.95
2022-06-06,43.3,35.8,46143.48,0.0,0,14.9,9.11,,100.7695183,2414.96,0.68,62.59,5.44,,39.55
2022-06-07,44.7,36.6,46049.36,0.0,0,18.8,10.95,,100.7695183,2414.96,0.68,62.59,5.44,,40.650000000000006
2022-06-08,43.5,35.3,46052.11,0.0,0,22.7,12.17,,100.7695183,2414.96,0.68,62.59,5.44,,39.4
2022-06-09,43.8,35.9,45725.51,0.0,0,15.9,9.59,,100.7695183,2414.96,0.68,62.59,5.44,,39.849999999999994
2022-06-10,45.0,36.5,46156.85,0.0,0,24.2,12.35,,100.7695183,2414.96,0.68,62.59,5.44,,40.75
2022-06-11,45.0,36.1,46157.15,0.0,0,22.6,12.87,,100.7695183,2414.96,0.68,62.59,5.44,,40.55
2022-06-12,44.7,36.6,46156.3,0.0,0,19.5,11.8,,100.7695183,2414.96,0.68,62.59,5.44,,40.650000000000006
2022-06-13,45.1,35.5,45712.62,0.0,0,25.0,11.62,,100.7695183,2414.96,0.68,62.59,5.44,,40.3
2022-06-14,43.9,35.0,45962.12,0.0,0,27.8,12.2,,100.7695183,2414.96,0.68,62.59,5.44,,39.45
2022-06-15,43.7,34.5,45818.25,0.0,0,21.4,11.01,,100.7695183,2414.96,0.68,62.59,5.44,,39.1
2022-06-16,40.9,36.1,43723.58,0.0,0,27.2,9.44,,100.7695183,2414.96,0.68,62.59,5.44,,38.5
2022-06-17,40.6,30.8,33726.28,13.25,0,19.8,7.19,,100.7695183,2414.96,0.68,62.59,5.44,,35.7
2022-06-18,33.8,26.6,30152.53,1.7,0,22.5,4.1,,100.7695183,2414.96,0.68,62.59,5.44,,30.2
2022-06-19,36.5,30.0,45417.14,0.35,0,11.3,6.09,,100.7695183,2414.96,0.68,62.59,5.44,,33.25
2022-06-20,37.1,29.7,46032.4,0.15,0,12.8,6.93,,100.7695183,2414.96,0.68,62.59,5.44,,33.4
2022-06-21,38.2,30.6,43157.36,0.6,0,14.7,7.78,,100.7695183,2414.96,0.68,62.59,5.44,,34.400000000000006
2022-06-22,38.7,31.9,45916.31,0.55,0,16.3,8.22,,100.7695183,2414.96,0.68,62.59,5.44,,35.3
2022-06-23,40.1,32.5,45913.2,0.0,0,17.8,9.7,,100.7695183,2414.96,0.68,62.59,5.44,,36.3
2022-06-24,41.2,33.2,46376.54,0.0,0,16.6,9.51,,100.7695183,2414.96,0.68,62.59,5.44,,37.2
2022-06-25,41.5,34.2,46247.05,0.0,0,9.9,7.74,,100.7695183,2414.96,0.68,62.59,5.44,,37.85
2022-06-26,42.9,34.5,43402.75,0.0,0,21.6,9.66,,100.7695183,2414.96,0.68,62.59,5.44,,38.7
2022-06-27,41.8,34.4,45365.9,0.0,0,20.9,9.54,,100.7695183,2414.96,0.68,62.59,5.44,,38.099999999999994
2022-06-28,43.6,35.2,43019.02,0.0,0,20.5,8.47,,100.7695183,2414.96,0.68,62.59,5.44,,39.400000000000006
2022-06-29,43.6,34.9,34657.05,0.0,0,25.4,8.46,,100.7695183,2414.96,0.68,62.59,5.44,,39.25
2022-06-30,34.7,29.0,22706.75,1.85,0,24.4,4.4,,100.7695183,2414.96,0.68,62.59,5.44,,31.85
2022-07-01,34.7,28.4,34514.44,0.5,0,13.8,5.27,,100.7695183,2414.96,0.68,62.59,5.44,,31.55
2022-07-02,36.4,30.3,36019.42,0.55,0,13.0,5.81,,100.7695183,2414.96,0.68,62.59,5.44,,33.35
2022-07-03,36.6,30.8,35097.32,0.15,0,16.4,6.2,,100.7695183,2414.96,0.68,62.59,5.44,,33.7
2022-07-04,38.9,32.5,38922.76,0.0,0,12.6,5.86,,100.7695183,2414.96,0.68,62.59,5.44,,35.7
2022-07-05,40.1,33.6,41198.67,0.0,0,20.5,7.7,,100.7695183,2414.96,0.68,62.59,5.44,,36.85
2022-07-06,40.5,33.6,44928.45,0.0,0,23.0,10.12,,100.7695183,2414.96,0.68,62.59,5.44,,37.05
2022-07-07,39.5,34.9,44661.54,0.0,0,17.5,9.24,,100.7695183,2414.96,0.68,62.59,5.44,,37.2
2022-07-08,40.6,33.9,44564.03,0.0,0,21.1,8.82,,100.7695183,2414.96,0.68,62.59,5.44,,37.25
2022-07-09,39.1,30.3,39331.41,0.6,0,26.7,7.67,,100.7695183,2414.96,0.68,62.59,5.44,,34.7
2022-07-10,33.9,28.1,18157.15,3.9,0,17.5,3.91,,100.7695183,2414.96,0.68,62.59,5.44,,31.0
2022-07-11,40.8,30.5,44101.32,0.0,0,11.3,6.81,,100.7695183,2414.96,0.68,62.59,5.44,,35.65
2022-07-12,38.9,33.0,38357.23,0.05,0,15.7,6.73,,100.7695183,2414.96,0.68,62.59,5.44,,35.95
2022-07-13,39.1,32.0,44189.77,0.05,0,16.8,6.96,,100.7695183,2414.96,0.68,62.59,5.44,,35.55
2022-07-14,40.1,32.0,41324.23,0.65,0,28.3,7.89,,100.7695183,2414.96,0.68,62.59,5.44,,36.05
2022-07-15,39.7,31.0,34514.24,0.6,0,23.4,7.5,,100.7695183,2414.96,0.68,62.59,5.44,,35.35
2022-07-16,38.8,33.1,34727.11,0.05,0,18.7,7.62,,100.7695183,2414.96,0.68,62.59,5.44,,35.95
2022-07-17,39.0,32.2,43182.79,0.0,0,17.7,7.48,,100.7695183,2414.96,0.68,62.59,5.44,,35.6
2022-07-18,40.1,33.0,37110.5,0.0,0,12.5,6.92,,100.7695183,2414.96,0.68,62.59,5.44,,36.55
2022-07-19,40.1,34.0,35594.69,0.0,0,13.1,5.94,,100.7695183,2414.96,0.68,62.59,5.44,,37.05
2022-07-20,38.2,32.5,36829.28,2.15,0,19.5,5.63,,100.7695183,2414.96,0.68,62.59,5.44,,35.35
2022-07-21,34.7,28.8,34540.4,0.35,0,16.6,4.73,,100.7695183,2414.96,0.68,62.59,5.44,,31.75
2022-07-22,35.2,30.3,44046.59,0.0,0,18.0,6.58,,100.7695183,2414.96,0.68,62.59,5.44,,32.75
2022-07-23,35.1,28.6,34667.56,1.45,0,21.5,5.66,,100.7695183,2414.96,0.68,62.59,5.44,,31.85
2022-07-24,37.1,30.7,42116.34,0.0,0,23.0,7.59,,100.7695183,2414.96,0.68,62.59,5.44,,33.9
2022-07-25,36.1,29.2,26338.68,0.0,0,20.4,6.29,,100.7695183,2414.96,0.68,62.59,5.44,,32.65
2022-07-26,33.9,29.5,30051.79,0.1,0,20.6,5.9,,100.7695183,2414.96,0.68,62.59,5.44,,31.7
2022-07-27,35.1,30.3,38179.52,0.0,0,19.7,6.26,,100.7695183,2414.96,0.68,62.59,5.44,,32.7
2022-07-28,36.0,30.1,36973.55,0.05,0,17.1,5.65,,100.7695183,2414.96,0.68,62.59,5.44,,33.05
2022-07-29,35.1,27.9,32077.67,4.1,0,17.4,4.28,,100.7695183,2414.96,0.68,62.59,5.44,,31.5
2022-07-30,33.3,27.9,21948.41,3.95,0,16.8,3.39,,100.7695183,2414.96,0.68,62.59,5.44,,30.599999999999998
2022-07-31,34.7,28.2,32400.0,0.95,0,14.9,4.82,,100.7695183,2414.96,0.68,62.59,5.44,,31.450000000000003
2022-08-01,35.6,27.4,32009.81,6.3,0,11.8,5.14,,100.7695183,2414.96,0.68,62.59,5.44,,31.5
2022-08-02,37.0,29.9,40542.91,0.5,0,10.8,5.4,,100.7695183,2414.96,0.68,62.59,5.44,,33.45
2022-08-03,36.6,31.9,33233.15,0.35,0,15.6,4.41,,100.7695183,2414.96,0.68,62.59,5.44,,34.25
2022-08-04,34.5,29.2,31437.8,1.4,0,15.3,5.21,,100.7695183,2414.96,0.68,62.59,5.44,,31.85
2022-08-05,35.2,27.6,38318.95,0.9,0,16.4,5.63,,100.7695183,2414.96,0.68,62.59,5.44,,31.400000000000002
2022-08-06,36.5,30.2,22044.81,0.0,0,11.4,4.67,,100.7695183,2414.96,0.68,62.59,5.44,,33.35
2022-08-07,34.3,27.4,19359.4,5.6,0,20.5,4.25,,100.7695183,2414.96,0.68,62.59,5.44,,30.849999999999998
2022-08-08,34.8,27.5,42903.1,0.0,0,13.8,5.35,,100.7695183,2414.96,0.68,62.59,5.44,,31.15
2022-08-09,39.1,30.1,43036.24,0.35,0,14.9,6.28,,100.7695183,2414.96,0.68,62.59,5.44,,34.6
2022-08-10,38.9,31.3,43249.78,0.0,0,19.2,8.19,,100.7695183,2414.96,0.68,62.59,5.44,,35.1
2022-08-11,34.2,28.8,18557.89,1.15,0,25.7,5.17,,100.7695183,2414.96,0.68,62.59,5.44,,31.5
2022-08-12,37.7,28.5,40591.26,0.0,0,23.2,8.17,,100.7695183,2414.96,0.68,62.59,5.44,,33.1
2022-08-13,37.1,29.3,43200.0,0.0,0,21.7,7.61,,100.7695183,2414.96,0.68,62.59,5.44,,33.2
2022-08-14,36.8,30.7,27054.44,0.85,0,17.7,5.0,,100.7695183,2414.96,0.68,62.59,5.44,,33.75
2022-08-15,33.3,28.0,17154.46,0.5,0,21.1,3.66,,100.7695183,2414.96,0.68,62.59,5.44,,30.65
2022-08-16,34.0,28.2,43014.59,0.5,0,34.5,6.93,,100.7695183,2414.96,0.68,62.59,5.44,,31.1
2022-08-17,35.3,26.7,43200.0,0.0,0,22.9,6.85,,100.7695183,2414.96,0.68,62.59,5.44,,31.0
2022-08-18,35.5,28.5,43200.0,0.0,0,18.5,6.71,,100.7695183,2414.96,0.68,62.59,5.44,,32.0
2022-08-19,36.4,30.5,33291.52,0.0,0,17.2,6.17,,100.7695183,2414.96,0.68,62.59,5.44,,33.45
2022-08-20,34.5,29.1,26650.5,0.0,0,16.2,4.91,,100.7695183,2414.96,0.68,62.59,5.44,,31.8
2022-08-21,34.9,27.6,33053.18,0.55,0,14.8,4.13,,100.7695183,2414.96,0.68,62.59,5.44,,31.25
2022-08-22,37.8,28.7,43200.0,1.05,0,20.9,7.17,,100.7695183,2414.96,0.68,62.59,5.44,,33.25
2022-08-23,36.4,29.1,43165.05,0.0,0,29.8,8.4,,100.7695183,2414.96,0.68,62.59,5.44,,32.75
2022-08-24,34.7,28.1,36120.95,0.25,0,20.9,5.87,,100.7695183,2414.96,0.68,62.59,5.44,,31.400000000000002
2022-08-25,37.3,28.3,37322.82,0.0,0,13.0,6.25,,100.7695183,2414.96,0.68,62.59,5.44,,32.8
2022-08-26,36.2,29.6,35527.61,0.15,0,18.9,5.6,,100.7695183,2414.96,0.68,62.59,5.44,,32.900000000000006
2022-08-27,36.9,30.4,22466.78,0.0,0,19.7,6.18,,100.7695183,2414.96,0.68,62.59,5.44,,33.65
2022-08-28,35.5,30.3,23471.31,0.0,0,17.8,5.23,,100.7695183,2414.96,0.68,62.59,5.44,,32.9
2022-08-29,37.5,31.6,28222.1,0.15,0,17.4,4.68,,100.7695183,2414.96,0.68,62.59,5.44,,34.55
2022-08-30,37.5,28.9,33623.27,2.6,0,15.5,5.45,,100.7695183,2414.96,0.68,62.59,5.44,,33.2
2022-08-31,38.2,31.7,24667.55,0.45,0,15.5,4.54,,100.7695183,2414.96,0.68,62.59,5.44,,34.95
2022-09-01,36.4,30.9,31041.02,0.45,0,8.0,3.24,,100.7695183,2414.96,0.68,62.59,5.44,,33.65
2022-09-02,39.5,31.2,39994.52,0.3,0,12.0,5.56,,100.7695183,2414.96,0.68,62.59,5.44,,35.35
2022-09-03,39.9,30.7,42462.51,0.1,0,23.0,7.92,,100.7695183,2414.96,0.68,62.59,5.44,,35.3
2022-09-04,39.2,31.2,42394.53,0.0,0,18.0,7.81,,100.7695183,2414.96,0.68,62.59,5.44,,35.2
2022-09-05,38.4,31.5,42325.77,0.0,0,13.4,7.16,,100.7695183,2414.96,0.68,62.59,5.44,,34.95
2022-09-06,39.1,31.8,40110.6,0.0,0,17.0,7.15,,100.7695183,2414.96,0.68,62.59,5.44,,35.45
2022-09-07,39.4,30.6,41937.56,0.0,0,16.9,6.57,,100.7695183,2414.96,0.68,62.59,5.44,,35.0
2022-09-08,39.2,31.3,41786.71,0.0,0,14.8,7.04,,100.7695183,2414.96,0.68,62.59,5.44,,35.25
2022-09-09,38.5,31.0,39600.0,0.0,0,12.5,6.97,,100.7695183,2414.96,0.68,62.59,5.44,,34.75
2022-09-10,37.6,31.2,41090.94,0.0,0,14.3,6.49,,100.7695183,2414.96,0.68,62.59,5.44,,34.4
2022-09-11,37.9,30.3,41217.68,0.0,0,13.7,7.2,,100.7695183,2414.96,0.68,62.59,5.44,,34.1
2022-09-12,36.3,30.1,27611.04,0.3,0,16.2,6.2,,100.7695183,2414.96,0.68,62.59,5.44,,33.2
2022-09-13,35.3,27.4,40816.91,0.3,0,27.3,6.76,,100.7695183,2414.96,0.68,62.59,5.44,,31.349999999999998
2022-09-14,33.5,27.0,37048.77,0.5,0,27.8,5.06,,100.7695183,2414.96,0.68,62.59,5.44,,30.25
2022-09-15,31.8,25.5,25860.54,0.75,0,24.3,3.73,,100.7695183,2414.96,0.68,62.59,5.44,,28.65
2022-09-16,30.0,23.4,11441.94,5.0,0,17.9,2.06,,100.7695183,2414.96,0.68,62.59,5.44,,26.7
2022-09-17,35.9,25.1,40437.02,0.8,0,20.2,5.49,,100.7695183,2414.96,0.68,62.59,5.44,,30.5
2022-09-18,36.7,26.5,40425.56,0.0,0,15.3,5.91,,100.7695183,2414.96,0.68,62.59,5.44,,31.6
2022-09-19,36.4,28.8,40166.34,0.0,0,17.3,5.84,,100.7695183,2414.96,0.68,62.59,5.44,,32.6
2022-09-20,36.1,28.5,32331.3,0.1,0,11.0,4.91,,100.7695183,2414.96,0.68,62.59,5.44,,32.3
2022-09-21,35.1,28.9,34391.23,0.0,0,21.1,5.2,,100.7695183,2414.96,0.68,62.59,5.44,,32.0
2022-09-22,30.0,25.4,10768.52,4.45,0,21.7,2.36,,100.7695183,2414.96,0.68,62.59,5.44,,27.7
2022-09-23,25.9,23.8,1979.89,2.5,0,19.6,1.04,,100.7695183,2414.96,0.68,62.59,5.44,,24.85
2022-09-24,27.4,23.3,10359.5,16.25,0,21.3,1.41,,100.7695183,2414.96,0.68,62.59,5.44,,25.35
2022-09-25,31.9,24.6,39586.78,3.35,0,16.2,4.22,,100.7695183,2414.96,0.68,62.59,5.44,,28.25
2022-09-26,33.8,24.8,39469.61,0.0,0,14.8,5.05,,100.7695183,2414.96,0.68,62.59,5.44,,29.299999999999997
2022-09-27,35.5,27.0,39446.3,0.0,0,16.6,5.57,,100.7695183,2414.96,0.68,62.59,5.44,,31.25
2022-09-28,36.0,28.0,39337.09,0.0,0,18.1,5.77,,100.7695183,2414.96,0.68,62.59,5.44,,32.0
2022-09-29,34.5,27.7,39314.63,0.0,0,17.1,5.73,,100.7695183,2414.96,0.68,62.59,5.44,,31.1
2022-09-30,35.3,28.2,39290.62,0.0,0,17.9,5.78,,100.7695183,2414.96,0.68,62.59,5.44,,31.75
2022-10-01,36.2,28.2,39192.84,0.0,0,17.8,5.94,,100.7695183,2414.96,0.68,62.59,5.44,,32.2
2022-10-02,35.8,28.6,39169.87,0.0,0,18.3,5.95,,100.7695183,2414.96,0.68,62.59,5.44,,32.2
2022-10-03,35.8,27.9,39127.84,0.0,0,19.8,7.07,,100.7695183,2414.96,0.68,62.59,5.44,,31.849999999999998
2022-10-04,35.7,27.8,39094.86,0.0,0,13.4,5.9,,100.7695183,2414.96,0.68,62.59,5.44,,31.75
2022-10-05,35.7,28.4,27245.22,1.2,0,15.2,4.47,,100.7695183,2414.96,0.68,62.59,5.44,,32.05
2022-10-06,31.2,24.9,35594.06,0.3,0,19.6,4.83,,100.7695183,2414.96,0.68,62.59,5.44,,28.049999999999997
2022-10-07,25.6,23.2,1437.39,0.9,0,17.9,1.48,,100.7695183,2414.96,0.68,62.59,5.44,,24.4
2022-10-08,24.0,21.7,0.0,12.4,0,17.0,0.84,,100.7695183,2414.96,0.68,62.59,5.44,,22.85
2022-10-09,22.3,21.5,0.0,26.3,0,20.7,0.44,,100.7695183,2414.96,0.68,62.59,5.44,,21.9
2022-10-10,22.8,21.5,0.0,5.1,0,15.4,0.55,,100.7695183,2414.96,0.68,62.59,5.44,,22.15
2022-10-11,30.3,22.3,35496.45,0.5,0,9.2,3.4,,100.7695183,2414.96,0.68,62.59,5.44,,26.3
2022-10-12,30.9,22.9,38814.99,0.65,0,14.0,4.42,,100.7695183,2414.96,0.68,62.59,5.44,,26.9
2022-10-13,31.9,24.8,38777.99,0.0,0,19.0,5.25,,100.7695183,2414.96,0.68,62.59,5.44,,28.35
2022-10-14,31.8,24.5,38722.96,0.0,0,14.8,5.24,,100.7695183,2414.96,0.68,62.59,5.44,,28.15
2022-10-15,32.5,24.9,38620.02,0.0,0,13.3,5.08,,100.7695183,2414.96,0.68,62.59,5.44,,28.7
2022-10-16,33.2,25.2,38517.01,0.0,0,11.3,4.65,,100.7695183,2414.96,0.68,62.59,5.44,,29.200000000000003
2022-10-17,33.2,26.0,38414.03,0.0,0,13.4,5.05,,100.7695183,2414.96,0.68,62.59,5.44,,29.6
2022-10-18,33.1,25.9,38311.14,0.0,0,12.4,4.86,,100.7695183,2414.96,0.68,62.59,5.44,,29.5
2022-10-19,33.4,25.6,38208.45,0.0,0,14.5,5.48,,100.7695183,2414.96,0.68,62.59,5.44,,29.5
2022-10-20,33.6,25.5,38106.04,0.0,0,12.1,5.6,,100.7695183,2414.96,0.68,62.59,5.44,,29.55
2022-10-21,33.7,26.2,37925.36,0.0,0,15.0,5.62,,100.7695183,2414.96,0.68,62.59,5.44,,29.950000000000003
2022-10-22,31.8,25.7,37858.68,0.0,0,14.8,5.32,,100.7695183,2414.96,0.68,62.59,5.44,,28.75
2022-10-23,31.1,24.5,37792.29,0.0,0,13.8,4.64,,100.7695183,2414.96,0.68,62.59,5.44,,27.8
2022-10-24,31.3,23.3,37700.93,0.0,0,13.9,5.34,,100.7695183,2414.96,0.68,62.59,5.44,,27.3
2022-10-25,31.6,23.9,37525.66,0.0,0,18.2,5.86,,100.7695183,2414.96,0.68,62.59,5.44,,27.75
2022-10-26,32.4,24.6,37327.84,0.0,0,11.0,4.53,,100.7695183,2414.96,0.68,62.59,5.44,,28.5
2022-10-27,32.4,24.9,37132.98,0.0,0,11.7,4.71,,100.7695183,2414.96,0.68,62.59,5.44,,28.65
2022-10-28,32.2,24.4,36941.24,0.0,0,13.9,4.71,,100.7695183,2414.96,0.68,62.59,5.44,,28.3
2022-10-29,31.5,24.5,36882.89,0.0,0,10.9,4.48,,100.7695183,2414.96,0.68,62.59,5.44,,28.0
2022-10-30,31.1,23.8,36567.82,0.0,0,11.9,4.7,,100.7695183,2414.96,0.68,62.59,5.44,,27.450000000000003
2022-10-31,31.9,24.5,36512.96,0.0,0,9.7,3.97,,100.7695183,2414.96,0.68,62.59,5.44,,28.2
2022-11-01,32.3,24.7,36206.33,0.0,0,11.3,4.48,,100.7695183,2414.96,0.68,62.59,5.44,,28.5
2022-11-02,32.3,24.6,36154.45,0.0,0,13.1,5.06,,100.7695183,2414.96,0.68,62.59,5.44,,28.45
2022-11-03,32.4,25.1,35835.75,0.0,0,14.6,4.61,,100.7695183,2414.96,0.68,62.59,5.44,,28.75
2022-11-04,32.3,25.0,35563.98,0.0,0,12.2,4.12,,100.7695183,2414.96,0.68,62.59,5.44,,28.65
2022-11-05,31.3,24.1,35296.69,0.0,0,12.7,5.03,,100.7695183,2414.96,0.68,62.59,5.44,,27.700000000000003
2022-11-06,31.1,24.1,35151.72,0.0,0,12.4,4.07,,100.7695183,2414.96,0.68,62.59,5.44,,27.6
2022-11-07,32.3,24.9,35007.95,0.0,0,10.5,4.11,,100.7695183,2414.96,0.68,62.59,5.44,,28.599999999999998
2022-11-08,30.7,24.5,34637.34,0.05,0,27.0,4.33,,100.7695183,2414.96,0.68,62.59,5.44,,27.6
2022-11-09,29.6,23.6,34633.36,0.0,0,13.6,3.75,,100.7695183,2414.96,0.68,62.59,5.44,,26.6
2022-11-10,29.7,23.7,34518.29,0.2,0,14.2,4.15,,100.7695183,2414.96,0.68,62.59,5.44,,26.7
2022-11-11,28.6,22.6,34514.25,0.0,0,17.1,5.27,,100.7695183,2414.96,0.68,62.59,5.44,,25.6
2022-11-12,28.2,21.7,34745.22,0.0,0,17.0,5.4,,100.7695183,2414.96,0.68,62.59,5.44,,24.95
2022-11-13,28.2,21.4,34373.95,0.0,0,14.8,5.1,,100.7695183,2414.96,0.68,62.59,5.44,,24.799999999999997
2022-11-14,29.1,22.4,34138.64,0.0,0,13.5,3.91,,100.7695183,2414.96,0.68,62.59,5.44,,25.75
2022-11-15,28.9,22.0,34036.28,0.0,0,16.1,3.75,,100.7695183,2414.96,0.68,62.59,5.44,,25.45
2022-11-16,26.3,19.5,34285.61,0.0,0,11.2,4.12,,100.7695183,2414.96,0.68,62.59,5.44,,22.9
2022-11-17,24.9,13.7,34783.38,0.0,0,13.7,3.14,,100.7695183,2414.96,0.68,62.59,5.44,,19.299999999999997
2022-11-18,24.6,12.9,34984.68,0.0,0,7.1,2.91,,100.7695183,2414.96,0.68,62.59,5.44,,18.75
2022-11-19,24.9,12.1,34770.27,0.0,0,6.1,2.73,,100.7695183,2414.96,0.68,62.59,5.44,,18.5
2022-11-20,25.4,12.6,34739.98,0.0,0,9.7,2.93,,100.7695183,2414.96,0.68,62.59,5.44,,19.0
2022-11-21,26.2,12.4,34626.71,0.0,0,10.5,3.03,,100.7695183,2414.96,0.68,62.59,5.44,,19.3
2022-11-22,25.3,12.2,34519.85,0.0,0,10.5,2.99,,100.7695183,2414.96,0.68,62.59,5.44,,18.75
2022-11-23,25.0,12.2,34574.69,0.0,0,11.4,3.01,,100.7695183,2414.96,0.68,62.59,5.44,,18.6
2022-11-24,25.6,12.1,34400.8,0.0,0,7.0,2.86,,100.7695183,2414.96,0.68,62.59,5.44,,18.85
2022-11-25,25.7,10.7,34169.53,0.0,0,4.5,2.74,,100.7695183,2414.96,0.68,62.59,5.44,,18.2
2022-11-26,25.0,11.4,34297.46,0.0,0,8.1,2.76,,100.7695183,2414.96,0.68,62.59,5.44,,18.2
2022-11-27,25.2,12.0,34155.79,0.0,0,4.3,2.66,,100.7695183,2414.96,0.68,62.59,5.44,,18.6
2022-11-28,25.3,11.4,34271.34,0.0,0,3.4,2.61,,100.7695183,2414.96,0.68,62.59,5.44,,18.35
2022-11-29,23.9,10.7,32400.0,0.0,0,3.8,2.53,,100.7695183,2414.96,0.68,62.59,5.44,,17.299999999999997
2022-11-30,24.2,12.9,34105.28,0.0,0,5.4,2.58,,100.7695183,2414.96,0.68,62.59,5.44,,18.55
2022-12-01,23.9,11.4,34138.91,0.0,0,5.8,2.56,,100.7695183,2414.96,0.68,62.59,5.44,,17.65
2022-12-02,24.0,10.7,30585.69,0.0,0,4.2,2.34,,100.7695183,2414.96,0.68,62.59,5.44,,17.35
2022-12-03,23.0,11.7,34033.76,0.0,0,4.6,2.37,,100.7695183,2414.96,0.68,62.59,5.44,,17.35
2022-12-04,23.3,11.4,34035.46,0.0,0,5.5,2.41,,100.7695183,2414.96,0.68,62.59,5.44,,17.35
2022-12-05,23.3,11.0,34098.91,0.0,0,4.2,2.47,,100.7695183,2414.96,0.68,62.59,5.44,,17.15
2022-12-06,22.9,10.2,34102.39,0.0,0,9.2,2.55,,100.7695183,2414.96,0.68,62.59,5.44,,16.549999999999997
2022-12-07,23.7,11.4,34107.46,0.0,0,10.6,2.65,,100.7695183,2414.96,0.68,62.59,5.44,,17.55
2022-12-08,23.5,11.3,34114.11,0.0,0,7.4,2.5,,100.7695183,2414.96,0.68,62.59,5.44,,17.4
2022-12-09,24.9,11.6,34122.4,0.0,0,5.7,2.48,,100.7695183,2414.96,0.68,62.59,5.44,,18.25
2022-12-10,24.9,11.6,34132.81,0.0,0,5.4,2.51,,100.7695183,2414.96,0.68,62.59,5.44,,18.25
2022-12-11,25.3,11.1,34145.33,0.0,0,6.9,2.55,,100.7695183,2414.96,0.68,62.59,5.44,,18.2
2022-12-12,25.9,11.5,34159.88,0.0,0,8.5,2.73,,100.7695183,2414.96,0.68,62.59,5.44,,18.7
2022-12-13,25.5,10.9,34158.32,0.0,0,10.7,2.89,,100.7695183,2414.96,0.68,62.59,5.44,,18.2
2022-12-14,23.6,11.3,34137.18,0.0,0,10.3,2.8,,100.7695183,2414.96,0.68,62.59,5.44,,17.450000000000003
2022-12-15,21.6,8.6,34118.52,0.0,0,7.4,2.45,,100.7695183,2414.96,0.68,62.59,5.44,,15.100000000000001
2022-12-16,22.2,9.4,34102.35,0.0,0,5.5,2.38,,100.7695183,2414.96,0.68,62.59,5.44,,15.8
2022-12-17,22.1,8.5,31552.02,0.0,0,4.4,2.25,,100.7695183,2414.96,0.68,62.59,5.44,,15.3
2022-12-18,22.0,8.4,30685.42,0.0,0,3.7,2.21,,100.7695183,2414.96,0.68,62.59,5.44,,15.2
2022-12-19,21.4,8.3,27378.56,0.0,0,4.9,2.13,,100.7695183,2414.96,0.68,62.59,5.44,,14.85
2022-12-20,20.0,8.3,25471.57,0.0,0,5.0,1.93,,100.7695183,2414.96,0.68,62.59,5.44,,14.15
2022-12-21,18.9,8.2,27194.34,0.0,0,5.4,1.89,,100.7695183,2414.96,0.68,62.59,5.44,,13.549999999999999
2022-12-22,18.9,9.0,34058.97,0.0,0,6.0,2.1,,100.7695183,2414.96,0.68,62.59,5.44,,13.95
2022-12-23,18.3,7.0,32212.34,0.0,0,6.1,2.04,,100.7695183,2414.96,0.68,62.59,5.44,,12.65
2022-12-24,18.1,9.1,34065.35,0.0,0,8.4,2.16,,100.7695183,2414.96,0.68,62.59,5.44,,13.600000000000001
2022-12-25,15.0,5.8,32107.12,0.0,0,6.2,1.8,,100.7695183,2414.96,0.68,62.59,5.44,,10.4
2022-12-26,15.3,5.7,31192.63,0.0,0,4.9,1.8,,100.7695183,2414.96,0.68,62.59,5.44,,10.5
2022-12-27,15.1,7.3,25193.67,0.0,0,7.2,1.56,,100.7695183,2414.96,0.68,62.59,5.44,,11.2
2022-12-28,19.8,7.5,34110.06,0.0,0,10.6,2.32,,100.7695183,2414.96,0.68,62.59,5.44,,13.65
2022-12-29,19.3,10.4,28557.04,0.0,0,5.5,1.57,,100.7695183,2414.96,0.68,62.59,5.44,,14.850000000000001
2022-12-30,20.0,11.8,28174.72,0.0,0,7.5,1.46,,100.7695183,2414.96,0.68,62.59,5.44,,15.9
2022-12-31,19.5,10.4,33366.17,0.0,0,9.7,2.09,,100.7695183,2414.96,0.68,62.59,5.44,,14.95
2023-01-01,18.8,8.7,31158.42,0.0,0,4.2,2.07,,100.7695183,2414.96,0.68,62.59,5.44,,13.75
2023-01-02,17.3,9.1,28248.51,0.0,0,3.4,1.89,,100.7695183,2414.96,0.68,62.59,5.44,,13.2
2023-01-03,14.8,6.9,25347.36,0.0,0,5.0,1.63,,100.7695183,2414.96,0.68,62.59,5.44,,10.850000000000001
2023-01-04,14.7,6.9,27213.47,0.0,0,5.2,1.7,,100.7695183,2414.96,0.68,62.59,5.44,,10.8
2023-01-05,11.2,7.5,27855.05,0.0,0,5.3,1.18,,100.7695183,2414.96,0.68,62.59,5.44,,9.35
2023-01-06,14.2,4.8,26316.38,0.0,0,3.6,1.7,,100.7695183,2414.96,0.68,62.59,5.44,,9.5
2023-01-07,14.5,3.5,27832.6,0.0,0,5.4,1.8,,100.7695183,2414.96,0.68,62.59,5.44,,9.0
2023-01-08,15.9,5.2,29844.9,0.0,0,5.2,1.9,,100.7695183,2414.96,0.68,62.59,5.44,,10.55
2023-01-09,15.7,6.9,22822.33,0.0,0,3.6,1.63,,100.7695183,2414.96,0.68,62.59,5.44,,11.3
2023-01-10,15.8,7.2,33311.97,0.0,0,6.8,2.01,,100.7695183,2414.96,0.68,62.59,5.44,,11.5
2023-01-11,16.6,8.4,26736.38,0.0,0,6.8,1.79,,100.7695183,2414.96,0.68,62.59,5.44,,12.5
2023-01-12,18.6,10.6,29097.26,0.0,0,9.0,1.85,,100.7695183,2414.96,0.68,62.59,5.44,,14.600000000000001
2023-01-13,19.3,12.1,28134.13,0.0,0,6.8,1.55,,100.7695183,2414.96,0.68,62.59,5.44,,15.7
2023-01-14,17.3,11.0,34774.9,0.0,0,9.0,2.27,,100.7695183,2414.96,0.68,62.59,5.44,,14.15
2023-01-15,16.4,6.0,34833.54,0.0,0,9.1,2.48,,100.7695183,2414.96,0.68,62.59,5.44,,11.2
2023-01-16,17.0,4.8,34893.86,0.0,0,6.6,2.43,,100.7695183,2414.96,0.68,62.59,5.44,,10.9
2023-01-17,17.5,4.9,34955.78,0.0,0,7.1,2.46,,100.7695183,2414.96,0.68,62.59,5.44,,11.2
2023-01-18,18.6,5.0,35019.36,0.0,0,5.4,2.5,,100.7695183,2414.96,0.68,62.59,5.44,,11.8
2023-01-19,19.9,7.6,32934.86,0.0,0,6.2,2.16,,100.7695183,2414.96,0.68,62.59,5.44,,13.75
2023-01-20,21.2,10.4,33465.66,0.1,0,10.8,2.46,,100.7695183,2414.96,0.68,62.59,5.44,,15.8
2023-01-21,21.2,8.7,35224.32,0.0,0,4.7,2.55,,100.7695183,2414.96,0.68,62.59,5.44,,14.95
2023-01-22,22.6,10.3,35297.09,0.0,0,6.4,2.37,,100.7695183,2414.96,0.68,62.59,5.44,,16.450000000000003
2023-01-23,23.3,10.1,34610.18,0.0,0,5.6,2.71,,100.7695183,2414.96,0.68,62.59,5.44,,16.7
2023-01-24,19.9,13.6,24757.56,0.0,0,13.8,1.63,,100.7695183,2414.96,0.68,62.59,5.44,,16.75
2023-01-25,21.2,14.7,34682.15,0.0,0,5.7,1.99,,100.7695183,2414.96,0.68,62.59,5.44,,17.95
2023-01-26,18.8,13.7,29818.8,0.0,0,9.2,2.09,,100.7695183,2414.96,0.68,62.59,5.44,,16.25
2023-01-27,18.7,8.4,35624.19,0.0,0,8.7,2.75,,100.7695183,2414.96,0.68,62.59,5.44,,13.55
2023-01-28,21.0,7.6,35653.48,0.0,0,7.7,2.79,,100.7695183,2414.96,0.68,62.59,5.44,,14.3
2023-01-29,17.8,9.2,3499.46,0.0,0,7.6,1.1,,100.7695183,2414.96,0.68,62.59,5.44,,13.5
2023-01-30,17.8,13.1,1911.11,6.8,0,8.0,1.25,,100.7695183,2414.96,0.68,62.59,5.44,,15.45
2023-01-31,20.8,12.2,35749.47,0.0,0,11.6,2.39,,100.7695183,2414.96,0.68,62.59,5.44,,16.5
2023-02-01,20.5,10.0,35784.03,0.0,0,10.3,2.81,,100.7695183,2414.96,0.68,62.59,5.44,,15.25
2023-02-02,23.8,9.8,35819.82,0.0,0,10.2,3.14,,100.7695183,2414.96,0.68,62.59,5.44,,16.8
2023-02-03,24.4,10.9,35856.8,0.0,0,8.2,3.12,,100.7695183,2414.96,0.68,62.59,5.44,,17.65
2023-02-04,24.5,11.6,35894.91,0.0,0,11.0,3.27,,100.7695183,2414.96,0.68,62.59,5.44,,18.05
2023-02-05,25.1,12.4,35934.13,0.0,0,9.3,3.35,,100.7695183,2414.96,0.68,62.59,5.44,,18.75
2023-02-06,25.6,13.7,34834.23,0.0,0,5.4,2.68,,100.7695183,2414.96,0.68,62.59,5.44,,19.65
2023-02-07,24.9,13.6,36000.0,0.0,0,12.5,3.45,,100.7695183,2414.96,0.68,62.59,5.44,,19.25
2023-02-08,24.6,11.3,36000.0,0.0,0,10.4,3.49,,100.7695183,2414.96,0.68,62.59,5.44,,17.950000000000003
2023-02-09,27.7,10.9,36000.0,0.0,0,7.2,3.45,,100.7695183,2414.96,0.68,62.59,5.44,,19.3
2023-02-10,27.1,13.4,36015.09,0.0,0,8.1,3.47,,100.7695183,2414.96,0.68,62.59,5.44,,20.25
2023-02-11,26.5,15.4,36080.66,0.0,0,7.3,3.44,,100.7695183,2414.96,0.68,62.59,5.44,,20.95
2023-02-12,23.1,12.4,36151.63,0.0,0,14.8,3.79,,100.7695183,2414.96,0.68,62.59,5.44,,17.75
2023-02-13,22.7,9.4,36150.51,0.0,0,16.4,4.32,,100.7695183,2414.96,0.68,62.59,5.44,,16.05
2023-02-14,25.4,10.5,36148.7,0.0,0,9.2,3.91,,100.7695183,2414.96,0.68,62.59,5.44,,17.95
2023-02-15,27.8,12.2,36228.83,0.0,0,11.3,3.97,,100.7695183,2414.96,0.68,62.59,5.44,,20.0
2023-02-16,27.4,13.0,36228.31,0.0,0,5.8,3.5,,100.7695183,2414.96,0.68,62.59,5.44,,20.2
2023-02-17,27.9,14.4,32916.35,0.0,0,4.6,3.41,,100.7695183,2414.96,0.68,62.59,5.44,,21.15
2023-02-18,27.6,14.7,32805.27,0.0,0,5.1,3.48,,100.7695183,2414.96,0.68,62.59,5.44,,21.15
2023-02-19,29.3,14.3,36499.68,0.0,0,3.9,3.6,,100.7695183,2414.96,0.68,62.59,5.44,,21.8
2023-02-20,31.7,16.4,36023.97,0.0,0,5.9,3.72,,100.7695183,2414.96,0.68,62.59,5.44,,24.049999999999997
2023-02-21,30.0,17.4,36685.58,0.0,0,8.4,3.94,,100.7695183,2414.96,0.68,62.59,5.44,,23.7
2023-02-22,28.6,16.8,36853.86,0.0,0,9.3,3.78,,100.7695183,2414.96,0.68,62.59,5.44,,22.700000000000003
2023-02-23,28.9,14.7,37031.69,0.0,0,10.8,4.22,,100.7695183,2414.96,0.68,62.59,5.44,,21.799999999999997
2023-02-24,28.4,14.5,37040.75,0.0,0,8.0,3.94,,100.7695183,2414.96,0.68,62.59,5.44,,21.45
2023-02-25,29.6,15.1,37230.91,0.0,0,5.5,3.95,,100.7695183,2414.96,0.68,62.59,5.44,,22.35
2023-02-26,30.4,15.7,37241.25,0.0,0,6.2,3.83,,100.7695183,2414.96,0.68,62.59,5.44,,23.049999999999997
2023-02-27,30.5,17.3,37048.78,0.0,0,7.8,4.12,,100.7695183,2414.96,0.68,62.59,5.44,,23.9
2023-02-28,30.8,16.3,36777.18,0.0,3,6.5,4.03,,100.7695183,2414.96,0.68,62.59,5.44,,23.55
2023-03-01,30.1,16.6,34853.95,0.0,52,12.5,4.08,,100.7695183,2414.96,0.68,62.59,5.44,,23.35
2023-03-02,30.8,16.9,37885.0,0.0,0,7.6,4.29,,100.7695183,2414.96,0.68,62.59,5.44,,23.85
2023-03-03,31.0,17.7,36024.75,0.0,0,10.5,4.12,,100.7695183,2414.96,0.68,62.59,5.44,,24.35
2023-03-04,30.1,17.3,37882.66,0.0,0,8.1,4.3,,100.7695183,2414.96,0.68,62.59,5.44,,23.700000000000003
2023-03-05,30.1,17.8,38583.04,0.0,0,9.5,4.41,,100.7695183,2414.96,0.68,62.59,5.44,,23.950000000000003
2023-03-06,29.9,17.4,38934.52,0.0,0,9.8,4.48,,100.7695183,2414.96,0.68,62.59,5.44,,23.65
2023-03-07,30.1,17.3,38713.23,0.0,0,7.9,4.33,,100.7695183,2414.96,0.68,62.59,5.44,,23.700000000000003
2023-03-08,28.6,16.8,31874.36,0.0,0,12.2,3.91,,100.7695183,2414.96,0.68,62.59,5.44,,22.700000000000003
2023-03-09,28.6,16.7,38494.38,0.0,0,7.7,4.04,,100.7695183,2414.96,0.68,62.59,5.44,,22.65
2023-03-10,30.1,17.5,39765.19,0.0,0,9.8,4.51,,100.7695183,2414.96,0.68,62.59,5.44,,23.8
2023-03-11,31.3,17.8,39912.82,0.0,0,6.5,4.48,,100.7695183,2414.96,0.68,62.59,5.44,,24.55
2023-03-12,32.8,18.4,40018.54,0.0,0,8.0,4.69,,100.7695183,2414.96,0.68,62.59,5.44,,25.599999999999998
2023-03-13,31.4,18.9,32857.98,0.0,0,8.8,3.64,,100.7695183,2414.96,0.68,62.59,5.44,,25.15
2023-03-14,32.2,19.3,40229.26,0.0,0,12.2,4.71,,100.7695183,2414.96,0.68,62.59,5.44,,25.75
2023-03-15,33.7,18.8,38481.97,0.0,0,8.5,4.69,,100.7695183,2414.96,0.68,62.59,5.44,,26.25
2023-03-16,31.5,20.6,22436.01,0.0,0,11.4,3.85,,100.7695183,2414.96,0.68,62.59,5.44,,26.05
2023-03-17,29.5,18.8,32318.71,0.0,16,14.4,4.22,,100.7695183,2414.96,0.68,62.59,5.44,,24.15
2023-03-18,24.5,18.2,32400.0,0.0,100,10.1,3.29,,100.7695183,2414.96,0.68,62.59,5.44,,21.35
2023-03-19,26.0,17.5,27556.32,0.0,69,6.0,3.14,,100.7695183,2414.96,0.68,62.59,5.44,,21.75
2023-03-20,25.5,17.6,23243.0,0.0,97,9.4,2.7,,100.7695183,2414.96,0.68,62.59,5.44,,21.55
2023-03-21,24.1,17.1,38031.12,0.0,88,6.6,3.43,,100.7695183,2414.96,0.68,62.59,5.44,,20.6
2023-03-22,27.4,15.6,38777.35,0.0,3,7.9,4.27,,100.7695183,2414.96,0.68,62.59,5.44,,21.5
2023-03-23,29.2,17.3,41159.93,0.0,0,9.7,4.73,,100.7695183,2414.96,0.68,62.59,5.44,,23.25
2023-03-24,28.9,18.9,39311.61,0.0,94,11.7,4.06,,100.7695183,2414.96,0.68,62.59,5.44,,23.9
2023-03-25,27.8,18.2,39276.95,0.0,84,9.4,3.85,,100.7695183,2414.96,0.68,62.59,5.44,,23.0
2023-03-26,30.3,17.8,41469.76,0.0,3,13.8,5.02,,100.7695183,2414.96,0.68,62.59,5.44,,24.05
2023-03-27,29.0,17.6,41572.9,0.0,0,10.7,4.98,,100.7695183,2414.96,0.68,62.59,5.44,,23.3
2023-03-28,30.1,17.3,40857.55,0.0,0,9.6,4.85,,100.7695183,2414.96,0.68,62.59,5.44,,23.700000000000003
2023-03-29,31.8,18.3,38767.33,0.0,0,4.1,4.03,,100.7695183,2414.96,0.68,62.59,5.44,,25.05
2023-03-30,31.8,19.1,28528.38,0.0,48,12.8,4.63,,100.7695183,2414.96,0.68,62.59,5.44,,25.450000000000003
2023-03-31,24.5,18.0,20800.2,0.8,97,11.3,3.04,,100.7695183,2414.96,0.68,62.59,5.44,,21.25
2023-04-01,26.8,17.0,39339.09,0.4,87,6.0,3.63,,100.7695183,2414.96,0.68,62.59,5.44,,21.9
2023-04-02,28.5,16.7,42185.88,0.0,83,11.4,4.61,,100.7695183,2414.96,0.68,62.59,5.44,,22.6
2023-04-03,31.4,19.1,42286.45,0.0,9,6.4,4.91,,100.7695183,2414.96,0.68,62.59,5.44,,25.25
2023-04-04,29.7,17.6,42386.37,0.0,71,9.4,4.96,,100.7695183,2414.96,0.68,62.59,5.44,,23.65
2023-04-05,31.3,18.4,42480.53,0.0,0,8.2,5.41,,100.7695183,2414.96,0.68,62.59,5.44,,24.85
2023-04-06,31.5,17.9,42512.96,0.0,32,9.1,5.66,,100.7695183,2414.96,0.68,62.59,5.44,,24.7
2023-04-07,32.7,18.2,42545.48,0.0,0,9.3,6.06,,100.7695183,2414.96,0.68,62.59,5.44,,25.450000000000003
2023-04-08,33.3,18.7,42578.08,0.0,0,8.1,6.02,,100.7695183,2414.96,0.68,62.59,5.44,,26.0
2023-04-09,34.5,17.5,42610.66,0.0,0,9.3,5.99,,100.7695183,2414.96,0.68,62.59,5.44,,26.0
2023-04-10,34.7,17.8,42643.22,0.0,0,8.0,5.36,,100.7695183,2414.96,0.68,62.59,5.44,,26.25
2023-04-11,37.1,20.4,42675.77,0.0,0,11.8,6.54,,100.7695183,2414.96,0.68,62.59,5.44,,28.75
2023-04-12,36.5,22.8,38660.01,0.0,0,12.9,6.23,,100.7695183,2414.96,0.68,62.59,5.44,,29.65
2023-04-13,38.9,22.3,42740.85,0.0,0,10.3,6.56,,100.7695183,2414.96,0.68,62.59,5.44,,30.6
2023-04-14,39.3,22.8,42773.39,0.0,0,9.1,6.25,,100.7695183,2414.96,0.68,62.59,5.44,,31.049999999999997
2023-04-15,40.4,23.6,42805.96,0.0,0,6.5,5.98,,100.7695183,2414.96,0.68,62.59,5.44,,32.0
2023-04-16,39.6,23.3,42838.54,0.0,0,8.4,5.9,,100.7695183,2414.96,0.68,62.59,5.44,,31.450000000000003
2023-04-17,40.2,24.8,42884.43,0.0,0,6.7,5.87,,100.7695183,2414.96,0.68,62.59,5.44,,32.5
2023-04-18,40.5,26.8,42903.81,0.0,6,11.9,6.22,,100.7695183,2414.96,0.68,62.59,5.44,,33.65
2023-04-19,37.4,24.6,39600.0,0.0,29,15.1,5.85,,100.7695183,2414.96,0.68,62.59,5.44,,31.0
2023-04-20,34.5,23.9,36685.62,0.0,10,16.3,5.9,,100.7695183,2414.96,0.68,62.59,5.44,,29.2
2023-04-21,35.1,22.5,43002.01,0.0,3,11.9,5.96,,100.7695183,2414.96,0.68,62.59,5.44,,28.8
2023-04-22,35.4,23.3,43256.7,0.0,0,12.9,6.46,,100.7695183,2414.96,0.68,62.59,5.44,,29.35
2023-04-23,31.9,22.3,37864.03,0.0,0,9.4,5.71,,100.7695183,2414.96,0.68,62.59,5.44,,27.1
2023-04-24,32.0,21.5,43100.71,0.0,0,13.3,6.03,,100.7695183,2414.96,0.68,62.59,5.44,,26.75
2023-04-25,33.6,20.7,40821.46,0.0,0,8.5,6.02,,100.7695183,2414.96,0.68,62.59,5.44,,27.15
2023-04-26,35.2,22.5,32153.75,0.0,0,4.7,4.99,,100.7695183,2414.96,0.68,62.59,5.44,,28.85
2023-04-27,36.4,23.0,36405.58,0.0,13,19.7,5.58,,100.7695183,2414.96,0.68,62.59,5.44,,29.7
2023-04-28,33.5,22.8,40446.12,0.0,90,6.2,4.77,,100.7695183,2414.96,0.68,62.59,5.44,,28.15
2023-04-29,32.6,24.0,27135.07,0.0,100,9.4,4.51,,100.7695183,2414.96,0.68,62.59,5.44,,28.3
2023-04-30,29.5,23.4,30940.71,0.0,96,6.4,4.3,,100.7695183,2414.96,0.68,62.59,5.44,,26.45
2023-05-01,25.1,21.0,22320.82,0.0,100,9.7,2.96,,100.7695183,2414.96,0.68,62.59,5.44,,23.05
2023-05-02,26.5,20.3,39374.45,0.0,94,8.4,3.72,,100.7695183,2414.96,0.68,62.59,5.44,,23.4
2023-05-03,28.7,20.8,23303.66,0.0,77,9.3,3.5,,100.7695183,2414.96,0.68,62.59,5.44,,24.75
2023-05-04,30.9,20.6,43263.29,0.0,51,4.7,5.08,,100.7695183,2414.96,0.68,62.59,5.44,,25.75
2023-05-05,32.6,21.9,41860.28,0.0,0,8.4,5.52,,100.7695183,2414.96,0.68,62.59,5.44,,27.25
2023-05-06,35.7,23.7,44059.29,0.0,26,20.0,6.26,,100.7695183,2414.96,0.68,62.59,5.44,,29.700000000000003
2023-05-07,34.7,24.2,44651.5,0.0,10,9.3,5.83,,100.7695183,2414.96,0.68,62.59,5.44,,29.450000000000003
2023-05-08,35.4,24.0,43469.98,0.0,6,13.4,5.91,,100.7695183,2414.96,0.68,62.59,5.44,,29.7
2023-05-09,36.3,22.0,44915.46,0.0,0,10.9,6.65,,100.7695183,2414.96,0.68,62.59,5.44,,29.15
2023-05-10,36.8,21.6,45127.06,0.0,0,9.7,7.02,,100.7695183,2414.96,0.68,62.59,5.44,,29.2
2023-05-11,38.3,22.9,45064.55,0.0,0,6.9,6.52,,100.7695183,2414.96,0.68,62.59,5.44,,30.599999999999998
2023-05-12,42.3,24.2,45077.44,0.0,0,8.7,6.83,,100.7695183,2414.96,0.68,62.59,5.44,,33.25
2023-05-13,42.0,25.7,45216.05,0.0,0,7.6,6.96,,100.7695183,2414.96,0.68,62.59,5.44,,33.85
2023-05-14,41.1,27.1,40811.73,0.0,0,18.1,7.04,,100.7695183,2414.96,0.68,62.59,5.44,,34.1
2023-05-15,40.8,27.0,45308.81,0.0,0,9.4,7.0,,100.7695183,2414.96,0.68,62.59,5.44,,33.9
2023-05-16,39.4,27.7,45341.25,0.0,0,10.3,7.19,,100.7695183,2414.96,0.68,62.59,5.44,,33.55
2023-05-17,40.3,28.2,45372.28,0.0,68,10.5,7.08,,100.7695183,2414.96,0.68,62.59,5.44,,34.25
2023-05-18,36.6,25.5,44346.64,0.0,87,13.0,6.91,,100.7695183,2414.96,0.68,62.59,5.44,,31.05
2023-05-19,37.9,24.7,45430.03,0.0,0,12.8,7.28,,100.7695183,2414.96,0.68,62.59,5.44,,31.299999999999997
2023-05-20,41.1,25.5,45456.9,0.0,0,10.0,7.26,,100.7695183,2414.96,0.68,62.59,5.44,,33.3
2023-05-21,43.1,26.5,44418.61,0.0,6,10.5,7.13,,100.7695183,2414.96,0.68,62.59,5.44,,34.8
2023-05-22,42.6,29.9,36110.69,0.0,35,21.4,6.87,,100.7695183,2414.96,0.68,62.59,5.44,,36.25
2023-05-23,42.7,28.7,37397.09,0.0,74,26.6,7.18,,100.7695183,2414.96,0.68,62.59,5.44,,35.7
2023-05-24,37.4,27.9,34382.86,0.0,81,16.6,6.46,,100.7695183,2414.96,0.68,62.59,5.44,,32.65
2023-05-25,34.9,24.4,34540.14,0.0,57,15.8,4.93,,100.7695183,2414.96,0.68,62.59,5.44,,29.65
2023-05-26,36.5,23.8,43252.55,0.0,68,11.8,6.07,,100.7695183,2414.96,0.68,62.59,5.44,,30.15
2023-05-27,32.0,23.0,36000.0,0.8,97,17.1,5.34,,100.7695183,2414.96,0.68,62.59,5.44,,27.5
2023-05-28,34.3,25.1,25452.37,0.0,29,11.0,4.59,,100.7695183,2414.96,0.68,62.59,5.44,,29.7
2023-05-29,35.2,24.0,30455.75,0.0,94,15.0,5.1,,100.7695183,2414.96,0.68,62.59,5.44,,29.6
2023-05-30,34.5,24.2,43789.48,0.0,84,16.2,5.33,,100.7695183,2414.96,0.68,62.59,5.44,,29.35
2023-05-31,30.3,22.6,43083.41,0.0,90,11.2,5.17,,100.7695183,2414.96,0.68,62.59,5.44,,26.450000000000003
2023-06-01,32.8,21.8,44227.95,0.0,0,8.0,5.28,,100.7695183,2414.96,0.68,62.59,5.44,,27.299999999999997
2023-06-02,32.9,23.2,43200.0,0.0,23,10.2,5.59,,100.7695183,2414.96,0.68,62.59,5.44,,28.049999999999997
2023-06-03,36.2,25.6,44656.88,0.0,11,8.1,6.44,,100.7695183,2414.96,0.68,62.59,5.44,,30.900000000000002
2023-06-04,35.4,25.8,30442.56,0.0,52,8.7,5.21,,100.7695183,2414.96,0.68,62.59,5.44,,30.6
2023-06-05,38.2,26.7,45716.77,0.0,10,10.0,6.86,,100.7695183,2414.96,0.68,62.59,5.44,,32.45
2023-06-06,39.1,25.5,45722.86,0.0,10,12.1,6.76,,100.7695183,2414.96,0.68,62.59,5.44,,32.3
2023-06-07,38.7,26.0,45727.81,0.0,0,7.9,6.62,,100.7695183,2414.96,0.68,62.59,5.44,,32.35
2023-06-08,40.4,25.2,45525.87,0.0,0,10.6,7.0,,100.7695183,2414.96,0.68,62.59,5.44,,32.8
2023-06-09,41.1,27.6,45240.02,0.0,23,11.3,7.11,,100.7695183,2414.96,0.68,62.59,5.44,,34.35
2023-06-10,42.3,29.0,45385.02,0.0,100,10.6,6.94,,100.7695183,2414.96,0.68,62.59,5.44,,35.65
2023-06-11,39.1,28.4,45529.77,0.0,75,13.7,7.08,,100.7695183,2414.96,0.68,62.59,5.44,,33.75
2023-06-12,40.7,29.1,45530.34,0.0,0,15.0,7.53,,100.7695183,2414.96,0.68,62.59,5.44,,34.900000000000006
2023-06-13,42.4,30.8,45530.51,0.0,16,15.7,8.02,,100.7695183,2414.96,0.68,62.59,5.44,,36.6
2023-06-14,41.5,30.4,45530.35,0.0,0,17.4,8.29,,100.7695183,2414.96,0.68,62.59,5.44,,35.95
2023-06-15,37.8,30.2,43233.75,0.0,42,14.5,6.68,,100.7695183,2414.96,0.68,62.59,5.44,,34.0
2023-06-16,38.1,28.8,45242.27,0.0,32,12.4,6.2,,100.7695183,2414.96,0.68,62.59,5.44,,33.45
2023-06-17,37.0,29.9,37365.35,0.0,81,8.9,4.86,,100.7695183,2414.96,0.68,62.59,5.44,,33.45
2023-06-18,37.1,27.9,42731.08,0.0,94,10.7,5.4,,100.7695183,2414.96,0.68,62.59,5.44,,32.5
2023-06-19,35.0,28.5,23880.87,0.4,71,11.6,3.67,,100.7695183,2414.96,0.68,62.59,5.44,,31.75
2023-06-20,35.8,27.1,40145.37,0.0,48,12.6,5.37,,100.7695183,2414.96,0.68,62.59,5.44,,31.45
2023-06-21,36.1,28.2,43200.0,0.0,90,6.9,4.99,,100.7695183,2414.96,0.68,62.59,5.44,,32.15
2023-06-22,35.8,28.7,34840.14,0.0,74,9.0,4.57,,100.7695183,2414.96,0.68,62.59,5.44,,32.25
2023-06-23,34.8,28.4,2319.16,0.0,10,10.2,3.59,,100.7695183,2414.96,0.68,62.59,5.44,,31.599999999999998
2023-06-24,35.9,29.7,22270.49,0.0,90,13.2,4.14,,100.7695183,2414.96,0.68,62.59,5.44,,32.8
2023-06-25,31.9,27.0,4379.03,8.4,100,7.2,2.14,,100.7695183,2414.96,0.68,62.59,5.44,,29.45
2023-06-26,31.0,26.2,22231.59,0.0,74,6.0,3.22,,100.7695183,2414.96,0.68,62.59,5.44,,28.6
2023-06-27,33.4,27.5,27393.55,0.0,100,5.0,3.46,,100.7695183,2414.96,0.68,62.59,5.44,,30.45
2023-06-28,34.7,27.8,26095.88,0.0,65,10.2,4.22,,100.7695183,2414.96,0.68,62.59,5.44,,31.25
2023-06-29,32.5,27.7,38441.91,0.0,42,9.8,4.28,,100.7695183,2414.96,0.68,62.59,5.44,,30.1
2023-06-30,31.6,27.1,23927.92,0.0,42,9.7,3.56,,100.7695183,2414.96,0.68,62.59,5.44,,29.35
2023-07-01,33.3,26.5,43285.14,0.0,40,9.0,4.87,,100.7695183,2414.96,0.68,62.59,5.44,,29.9
2023-07-02,35.8,26.4,42921.28,0.0,26,6.0,5.4,,100.7695183,2414.96,0.68,62.59,5.44,,31.099999999999998
2023-07-03,36.1,27.9,43200.0,0.0,3,6.3,5.01,,100.7695183,2414.96,0.68,62.59,5.44,,32.0
2023-07-04,35.6,28.5,41655.59,0.0,39,8.6,4.61,,100.7695183,2414.96,0.68,62.59,5.44,,32.05
2023-07-05,33.7,27.9,42101.99,0.0,58,9.8,4.34,,100.7695183,2414.96,0.68,62.59,5.44,,30.8
2023-07-06,32.1,27.0,37752.06,0.0,97,9.1,3.63,,100.7695183,2414.96,0.68,62.59,5.44,,29.55
2023-07-07,31.2,26.4,8396.18,0.0,94,8.9,2.54,,100.7695183,2414.96,0.68,62.59,5.44,,28.799999999999997
2023-07-08,29.4,27.0,4454.23,126.0,100,9.3,2.1,,100.7695183,2414.96,0.68,62.59,5.44,,28.2
2023-07-09,30.6,26.1,5761.7,153.0,100,9.7,1.91,,100.7695183,2414.96,0.68,62.59,5.44,,28.35
2023-07-10,30.8,26.3,7981.88,50.0,100,6.2,2.33,,100.7695183,2414.96,0.68,62.59,5.44,,28.55
2023-07-11,31.7,26.3,19039.82,0.0,100,5.3,2.75,,100.7695183,2414.96,0.68,62.59,5.44,,29.0
2023-07-12,32.3,26.7,32070.54,0.0,77,7.4,3.17,,100.7695183,2414.96,0.68,62.59,5.44,,29.5
2023-07-13,33.2,26.5,38576.52,0.0,90,9.0,3.72,,100.7695183,2414.96,0.68,62.59,5.44,,29.85
2023-07-14,34.1,26.8,32440.9,0.0,81,6.0,3.81,,100.7695183,2414.96,0.68,62.59,5.44,,30.450000000000003
2023-07-15,34.4,27.2,26044.05,0.0,100,6.4,3.63,,100.7695183,2414.96,0.68,62.59,5.44,,30.799999999999997
2023-07-16,32.9,27.0,23366.92,0.0,100,6.2,3.03,,100.7695183,2414.96,0.68,62.59,5.44,,29.95
2023-07-17,33.9,27.5,20652.26,0.0,100,6.6,3.13,,100.7695183,2414.96,0.68,62.59,5.44,,30.7
2023-07-18,32.1,27.3,11678.25,0.0,100,8.6,2.77,,100.7695183,2414.96,0.68,62.59,5.44,,29.700000000000003
2023-07-19,33.8,27.1,30511.46,0.0,81,9.5,3.85,,100.7695183,2414.96,0.68,62.59,5.44,,30.45
2023-07-20,37.7,29.1,42941.52,0.0,52,7.2,5.31,,100.7695183,2414.96,0.68,62.59,5.44,,33.400000000000006
2023-07-21,36.7,29.9,40331.6,0.0,42,9.0,5.41,,100.7695183,2414.96,0.68,62.59,5.44,,33.3
2023-07-22,34.7,29.5,24731.78,0.0,10,10.4,3.97,,100.7695183,2414.96,0.68,62.59,5.44,,32.1
2023-07-23,35.5,28.6,37579.13,0.0,26,11.6,4.7,,100.7695183,2414.96,0.68,62.59,5.44,,32.05
2023-07-24,35.6,29.0,42394.26,0.0,77,11.0,4.61,,100.7695183,2414.96,0.68,62.59,5.44,,32.3
2023-07-25,34.1,27.6,31004.03,0.0,100,9.4,3.78,,100.7695183,2414.96,0.68,62.59,5.44,,30.85
2023-07-26,30.6,27.1,6965.59,0.0,100,7.3,2.38,,100.7695183,2414.96,0.68,62.59,5.44,,28.85
2023-07-27,33.6,27.2,18715.0,0.0,100,5.5,2.94,,100.7695183,2414.96,0.68,62.59,5.44,,30.4
2023-07-28,31.2,27.0,0.0,0.0,99,3.3,2.06,,100.7695183,2414.96,0.68,62.59,5.44,,29.1
2023-07-29,31.6,26.5,21055.84,0.2,97,5.9,2.78,,100.7695183,2414.96,0.68,62.59,5.44,,29.05
2023-07-30,33.6,26.6,41744.28,0.0,58,8.6,4.19,,100.7695183,2414.96,0.68,62.59,5.44,,30.1
2023-07-31,34.5,27.4,42380.95,0.0,100,8.7,4.37,,100.7695183,2414.96,0.68,62.59,5.44,,30.95
2023-08-01,35.9,28.4,43195.86,0.0,3,9.4,5.23,,100.7695183,2414.96,0.68,62.59,5.44,,32.15
2023-08-02,35.0,28.6,32400.0,0.0,13,9.8,4.35,,100.7695183,2414.96,0.68,62.59,5.44,,31.8
2023-08-03,34.5,27.4,31956.65,0.0,81,8.9,4.13,,100.7695183,2414.96,0.68,62.59,5.44,,30.95
2023-08-04,31.7,28.0,676.3,0.0,100,6.4,2.57,,100.7695183,2414.96,0.68,62.59,5.44,,29.85
2023-08-05,33.0,27.7,13992.86,0.0,100,7.3,3.02,,100.7695183,2414.96,0.68,62.59,5.44,,30.35
2023-08-06,35.3,27.9,33525.03,0.0,68,12.2,4.82,,100.7695183,2414.96,0.68,62.59,5.44,,31.599999999999998
2023-08-07,34.5,28.3,41533.03,0.0,3,12.8,5.3,,100.7695183,2414.96,0.68,62.59,5.44,,31.4
2023-08-08,34.0,27.7,35299.91,0.0,0,12.6,5.02,,100.7695183,2414.96,0.68,62.59,5.44,,30.85
2023-08-09,34.7,28.1,39757.95,0.0,3,10.1,5.18,,100.7695183,2414.96,0.68,62.59,5.44,,31.400000000000002
2023-08-10,33.9,28.7,19059.54,0.0,32,7.6,3.85,,100.7695183,2414.96,0.68,62.59,5.44,,31.299999999999997
2023-08-11,35.2,29.0,32482.36,0.0,52,9.6,4.37,,100.7695183,2414.96,0.68,62.59,5.44,,32.1
2023-08-12,35.6,29.3,41351.46,0.0,0,13.7,5.32,,100.7695183,2414.96,0.68,62.59,5.44,,32.45
2023-08-13,34.8,28.6,19079.14,0.0,0,11.6,4.44,,100.7695183,2414.96,0.68,62.59,5.44,,31.7
2023-08-14,33.9,27.8,30594.02,0.0,68,9.1,4.47,,100.7695183,2414.96,0.68,62.59,5.44,,30.85
2023-08-15,34.1,27.3,33234.24,0.0,52,6.6,3.61,,100.7695183,2414.96,0.68,62.59,5.44,,30.700000000000003
2023-08-16,35.1,27.7,42432.42,0.0,45,7.4,4.69,,100.7695183,2414.96,0.68,62.59,5.44,,31.4
2023-08-17,36.1,28.4,43094.97,0.0,29,11.8,5.45,,100.7695183,2414.96,0.68,62.59,5.44,,32.25
2023-08-18,36.1,29.2,37941.07,0.0,6,6.8,5.09,,100.7695183,2414.96,0.68,62.59,5.44,,32.65
2023-08-19,33.7,28.7,42775.42,0.0,6,8.1,3.99,,100.7695183,2414.96,0.68,62.59,5.44,,31.200000000000003
2023-08-20,35.2,28.2,43200.0,0.0,0,8.4,4.84,,100.7695183,2414.96,0.68,62.59,5.44,,31.700000000000003
2023-08-21,36.1,29.1,26385.16,0.0,13,9.2,3.69,,100.7695183,2414.96,0.68,62.59,5.44,,32.6
2023-08-22,33.6,27.3,0.0,0.3,16,7.3,1.89,,100.7695183,2414.96,0.68,62.59,5.44,,30.450000000000003
2023-08-23,28.6,26.8,0.0,1.8,6,14.0,1.22,,100.7695183,2414.96,0.68,62.59,5.44,,27.700000000000003
2023-08-24,34.6,26.3,32779.0,0.0,0,6.2,4.04,,100.7695183,2414.96,0.68,62.59,5.44,,30.450000000000003
2023-08-25,35.1,27.0,42661.9,0.0,0,9.1,5.01,,100.7695183,2414.96,0.68,62.59,5.44,,31.05
2023-08-26,35.0,27.5,40701.01,0.0,0,10.2,4.96,,100.7695183,2414.96,0.68,62.59,5.44,,31.25
2023-08-27,35.4,27.4,42170.46,0.0,0,12.6,5.61,,100.7695183,2414.96,0.68,62.59,5.44,,31.4
2023-08-28,34.6,27.3,41232.93,0.0,0,9.2,5.22,,100.7695183,2414.96,0.68,62.59,5.44,,30.950000000000003
2023-08-29,35.1,28.6,41822.36,0.0,0,11.4,5.27,,100.7695183,2414.96,0.68,62.59,5.44,,31.85
2023-08-30,34.8,28.6,42737.96,0.0,0,10.0,5.13,,100.7695183,2414.96,0.68,62.59,5.44,,31.7
2023-08-31,35.6,28.9,41959.43,0.0,0,7.9,5.0,,100.7695183,2414.96,0.68,62.59,5.44,,32.25
2023-09-01,37.1,29.2,42067.75,0.0,0,9.5,5.31,,100.7695183,2414.96,0.68,62.59,5.44,,33.15
2023-09-02,37.7,28.1,41689.33,0.0,0,12.6,5.79,,100.7695183,2414.96,0.68,62.59,5.44,,32.900000000000006
2023-09-03,37.2,28.0,42469.39,0.0,0,9.4,5.81,,100.7695183,2414.96,0.68,62.59,5.44,,32.6
2023-09-04,36.3,27.3,41969.98,0.0,0,9.0,5.58,,100.7695183,2414.96,0.68,62.59,5.44,,31.799999999999997
2023-09-05,35.9,27.5,41673.9,0.0,0,6.8,5.09,,100.7695183,2414.96,0.68,62.59,5.44,,31.7
2023-09-06,35.0,28.6,36982.83,0.0,87,4.8,3.99,,100.7695183,2414.96,0.68,62.59,5.44,,31.8
2023-09-07,36.5,29.3,40680.3,0.0,52,5.4,4.84,,100.7695183,2414.96,0.68,62.59,5.44,,32.9
2023-09-08,34.7,28.3,39600.0,0.0,13,8.1,4.22,,100.7695183,2414.96,0.68,62.59,5.44,,31.5
2023-09-09,31.0,26.0,13078.05,0.8,97,12.2,2.52,,100.7695183,2414.96,0.68,62.59,5.44,,28.5
2023-09-10,27.2,25.3,2006.52,0.9,97,12.5,1.48,,100.7695183,2414.96,0.68,62.59,5.44,,26.25
2023-09-11,31.4,25.1,40029.66,0.0,84,9.1,3.26,,100.7695183,2414.96,0.68,62.59,5.44,,28.25
2023-09-12,34.2,26.0,40430.21,0.0,3,9.4,4.68,,100.7695183,2414.96,0.68,62.59,5.44,,30.1
2023-09-13,35.0,27.4,40177.75,0.0,6,7.8,4.33,,100.7695183,2414.96,0.68,62.59,5.44,,31.2
2023-09-14,34.5,28.3,22550.69,0.0,39,11.2,3.32,,100.7695183,2414.96,0.68,62.59,5.44,,31.4
2023-09-15,32.8,27.0,36360.41,0.0,100,10.9,3.84,,100.7695183,2414.96,0.68,62.59,5.44,,29.9
2023-09-16,33.2,27.3,28787.35,0.5,55,11.4,3.55,,100.7695183,2414.96,0.68,62.59,5.44,,30.25
2023-09-17,29.9,27.1,4706.5,0.0,100,12.3,2.52,,100.7695183,2414.96,0.68,62.59,5.44,,28.5
2023-09-18,31.9,25.9,30894.95,0.0,91,14.3,3.53,,100.7695183,2414.96,0.68,62.59,5.44,,28.9
2023-09-19,34.7,26.7,39572.73,0.0,74,7.6,4.4,,100.7695183,2414.96,0.68,62.59,5.44,,30.700000000000003
2023-09-20,35.1,27.4,38448.09,0.0,48,5.4,3.7,,100.7695183,2414.96,0.68,62.59,5.44,,31.25
2023-09-21,35.3,26.7,39514.04,0.0,32,6.8,3.88,,100.7695183,2414.96,0.68,62.59,5.44,,31.0
2023-09-22,34.7,26.5,37923.25,0.0,65,6.5,4.12,,100.7695183,2414.96,0.68,62.59,5.44,,30.6
2023-09-23,33.0,27.6,38562.0,0.0,90,6.9,3.63,,100.7695183,2414.96,0.68,62.59,5.44,,30.3
2023-09-24,33.5,26.3,36353.89,0.0,48,7.2,4.02,,100.7695183,2414.96,0.68,62.59,5.44,,29.9
2023-09-25,34.0,25.7,39394.88,0.0,58,5.1,4.39,,100.7695183,2414.96,0.68,62.59,5.44,,29.85
2023-09-26,34.1,26.6,38880.29,0.0,42,7.3,4.29,,100.7695183,2414.96,0.68,62.59,5.44,,30.35
2023-09-27,34.3,25.9,39333.96,0.0,0,9.1,4.78,,100.7695183,2414.96,0.68,62.59,5.44,,30.099999999999998
2023-09-28,33.9,23.4,39351.66,0.0,0,6.1,4.8,,100.7695183,2414.96,0.68,62.59,5.44,,28.65
2023-09-29,33.5,23.0,39271.84,0.0,0,4.7,4.63,,100.7695183,2414.96,0.68,62.59,5.44,,28.25
2023-09-30,34.8,24.2,39240.28,0.0,0,8.7,4.85,,100.7695183,2414.96,0.68,62.59,5.44,,29.5
2023-10-01,34.8,23.7,39208.33,0.0,0,9.6,4.9,,100.7695183,2414.96,0.68,62.59,5.44,,29.25
2023-10-02,34.7,21.9,39175.98,0.0,0,11.2,5.01,,100.7695183,2414.96,0.68,62.59,5.44,,28.3
2023-10-03,33.7,19.9,39143.2,0.0,0,11.7,4.97,,100.7695183,2414.96,0.68,62.59,5.44,,26.8
2023-10-04,34.1,20.9,39109.96,0.0,0,10.7,4.81,,100.7695183,2414.96,0.68,62.59,5.44,,27.5
2023-10-05,34.8,22.0,39076.24,0.0,0,8.9,4.75,,100.7695183,2414.96,0.68,62.59,5.44,,28.4
2023-10-06,35.3,22.3,39042.13,0.0,0,5.2,4.54,,100.7695183,2414.96,0.68,62.59,5.44,,28.799999999999997
2023-10-07,35.6,23.7,39007.7,0.0,0,4.4,4.44,,100.7695183,2414.96,0.68,62.59,5.44,,29.65
2023-10-08,35.8,24.8,38972.93,0.0,0,7.1,4.55,,100.7695183,2414.96,0.68,62.59,5.44,,30.299999999999997
2023-10-09,36.6,26.6,38121.11,0.0,0,8.4,4.25,,100.7695183,2414.96,0.68,62.59,5.44,,31.6
2023-10-10,34.8,25.3,35138.03,0.0,0,7.2,3.69,,100.7695183,2414.96,0.68,62.59,5.44,,30.049999999999997
2023-10-11,34.8,22.7,38866.45,0.0,0,9.0,4.65,,100.7695183,2414.96,0.68,62.59,5.44,,28.75
2023-10-12,33.9,21.3,38830.18,0.0,0,6.9,4.51,,100.7695183,2414.96,0.68,62.59,5.44,,27.6
2023-10-13,35.4,22.3,38793.53,0.0,0,7.6,4.33,,100.7695183,2414.96,0.68,62.59,5.44,,28.85
2023-10-14,35.2,23.7,37967.48,0.0,0,8.2,4.1,,100.7695183,2414.96,0.68,62.59,5.44,,29.450000000000003
2023-10-15,34.0,23.8,32061.94,0.0,0,10.6,4.06,,100.7695183,2414.96,0.68,62.59,5.44,,28.9
2023-10-16,27.1,23.2,15483.26,0.0,94,16.6,2.91,,100.7695183,2414.96,0.68,62.59,5.44,,25.15
2023-10-17,27.3,18.7,29119.15,0.5,97,11.4,2.89,,100.7695183,2414.96,0.68,62.59,5.44,,23.0
2023-10-18,29.8,18.7,38333.61,0.0,0,9.6,4.12,,100.7695183,2414.96,0.68,62.59,5.44,,24.25
2023-10-19,29.4,18.5,38231.42,0.0,0,7.9,3.91,,100.7695183,2414.96,0.68,62.59,5.44,,23.95
2023-10-20,29.7,17.9,38129.81,0.0,0,6.3,3.82,,100.7695183,2414.96,0.68,62.59,5.44,,23.799999999999997
2023-10-21,30.4,17.5,38028.85,0.0,0,5.0,3.8,,100.7695183,2414.96,0.68,62.59,5.44,,23.95
2023-10-22,30.1,17.9,37928.66,0.0,0,5.9,3.71,,100.7695183,2414.96,0.68,62.59,5.44,,24.0
2023-10-23,30.1,19.3,37829.3,0.0,0,7.8,3.83,,100.7695183,2414.96,0.68,62.59,5.44,,24.700000000000003
2023-10-24,30.7,18.2,37730.89,0.0,0,7.9,3.86,,100.7695183,2414.96,0.68,62.59,5.44,,24.45
2023-10-25,30.6,17.2,37633.38,0.0,0,7.8,3.85,,100.7695183,2414.96,0.68,62.59,5.44,,23.9
2023-10-26,31.0,18.0,37535.96,0.0,0,7.6,3.84,,100.7695183,2414.96,0.68,62.59,5.44,,24.5
2023-10-27,30.9,17.7,37438.52,0.0,0,6.4,3.84,,100.7695183,2414.96,0.68,62.59,5.44,,24.299999999999997
2023-10-28,30.2,18.2,31326.32,0.0,0,3.9,2.92,,100.7695183,2414.96,0.68,62.59,5.44,,24.2
2023-10-29,31.8,18.3,37243.91,0.0,0,5.0,3.64,,100.7695183,2414.96,0.68,62.59,5.44,,25.05
2023-10-30,31.8,19.1,37146.93,0.0,0,6.7,3.63,,100.7695183,2414.96,0.68,62.59,5.44,,25.450000000000003
2023-10-31,31.0,19.3,37050.28,0.0,0,7.1,3.58,,100.7695183,2414.96,0.68,62.59,5.44,,25.15
2023-11-01,31.2,18.7,36954.09,0.0,0,6.9,3.54,,100.7695183,2414.96,0.68,62.59,5.44,,24.95
2023-11-02,30.6,18.4,36858.43,0.0,0,5.8,3.45,,100.7695183,2414.96,0.68,62.59,5.44,,24.5
2023-11-03,29.7,18.7,36154.75,0.0,0,16.1,3.38,,100.7695183,2414.96,0.68,62.59,5.44,,24.2
2023-11-04,29.3,18.5,36669.15,0.0,0,5.9,3.31,,100.7695183,2414.96,0.68,62.59,5.44,,23.9
2023-11-05,30.0,17.6,34805.23,0.0,0,6.8,3.35,,100.7695183,2414.96,0.68,62.59,5.44,,23.8
2023-11-06,29.3,15.9,35480.71,0.0,0,5.1,3.26,,100.7695183,2414.96,0.68,62.59,5.44,,22.6
2023-11-07,30.2,16.7,36368.86,0.0,0,6.3,3.31,,100.7695183,2414.96,0.68,62.59,5.44,,23.45
2023-11-08,30.2,17.8,36081.09,0.0,0,7.3,3.32,,100.7695183,2414.96,0.68,62.59,5.44,,24.0
2023-11-09,29.7,17.8,35688.39,0.0,0,5.0,3.02,,100.7695183,2414.96,0.68,62.59,5.44,,23.75
2023-11-10,25.3,19.0,28534.55,0.4,45,13.0,2.04,,100.7695183,2414.96,0.68,62.59,5.44,,22.15
2023-11-11,25.0,16.8,34831.54,0.0,21,7.1,2.78,,100.7695183,2414.96,0.68,62.59,5.44,,20.9
2023-11-12,25.9,15.3,35439.71,0.0,0,6.9,2.98,,100.7695183,2414.96,0.68,62.59,5.44,,20.6
2023-11-13,26.0,15.0,33862.97,0.0,0,4.0,2.91,,100.7695183,2414.96,0.68,62.59,5.44,,20.5
2023-11-14,24.6,14.7,23869.78,0.0,0,4.7,2.09,,100.7695183,2414.96,0.68,62.59,5.44,,19.65
2023-11-15,25.6,13.7,35110.41,0.0,0,5.9,2.89,,100.7695183,2414.96,0.68,62.59,5.44,,19.65
2023-11-16,26.4,14.7,34551.05,0.0,0,4.3,2.83,,100.7695183,2414.96,0.68,62.59,5.44,,20.549999999999997
2023-11-17,26.8,14.8,34157.49,0.0,0,4.9,2.71,,100.7695183,2414.96,0.68,62.59,5.44,,20.8
2023-11-18,26.8,15.6,34000.78,0.0,0,5.2,2.48,,100.7695183,2414.96,0.68,62.59,5.44,,21.2
2023-11-19,25.7,16.0,33445.83,0.0,0,6.0,2.68,,100.7695183,2414.96,0.68,62.59,5.44,,20.85
2023-11-20,25.4,13.7,34577.21,0.0,0,6.4,2.8,,100.7695183,2414.96,0.68,62.59,5.44,,19.549999999999997
2023-11-21,25.6,14.2,34468.42,0.0,0,8.4,2.86,,100.7695183,2414.96,0.68,62.59,5.44,,19.9
2023-11-22,25.0,14.0,34528.3,0.0,0,7.4,2.8,,100.7695183,2414.96,0.68,62.59,5.44,,19.5
2023-11-23,25.6,12.6,32572.12,0.0,0,3.7,2.63,,100.7695183,2414.96,0.68,62.59,5.44,,19.1
2023-11-24,25.2,12.9,33080.29,0.0,0,6.2,2.67,,100.7695183,2414.96,0.68,62.59,5.44,,19.05
2023-11-25,23.9,12.4,33515.11,0.0,0,4.7,2.31,,100.7695183,2414.96,0.68,62.59,5.44,,18.15
2023-11-26,25.1,13.9,25716.24,0.0,0,5.8,2.33,,100.7695183,2414.96,0.68,62.59,5.44,,19.5
2023-11-27,22.8,16.0,7357.41,0.1,61,8.9,1.4,,100.7695183,2414.96,0.68,62.59,5.44,,19.4
2023-11-28,21.6,15.4,20292.26,0.0,87,6.5,1.53,,100.7695183,2414.96,0.68,62.59,5.44,,18.5
2023-11-29,24.1,14.5,32999.82,0.0,0,5.1,2.14,,100.7695183,2414.96,0.68,62.59,5.44,,19.3
2023-11-30,23.6,15.8,32493.98,0.0,55,6.6,2.11,,100.7695183,2414.96,0.68,62.59,5.44,,19.700000000000003
2023-12-01,23.3,15.3,33322.19,0.0,4,6.4,2.22,,100.7695183,2414.96,0.68,62.59,5.44,,19.3
2023-12-02,24.0,14.4,33558.91,0.0,0,6.5,2.43,,100.7695183,2414.96,0.68,62.59,5.44,,19.2
2023-12-03,24.4,12.0,29017.73,0.0,0,4.9,2.22,,100.7695183,2414.96,0.68,62.59,5.44,,18.2
2023-12-04,24.4,15.6,32570.41,0.0,0,8.7,2.41,,100.7695183,2414.96,0.68,62.59,5.44,,20.0
2023-12-05,23.9,12.6,34096.53,0.0,0,7.8,2.59,,100.7695183,2414.96,0.68,62.59,5.44,,18.25
2023-12-06,24.0,11.8,34038.28,0.0,0,4.6,2.47,,100.7695183,2414.96,0.68,62.59,5.44,,17.9
2023-12-07,24.3,12.0,34041.96,0.0,0,6.6,2.4,,100.7695183,2414.96,0.68,62.59,5.44,,18.15
2023-12-08,24.7,11.8,34111.73,0.0,0,6.6,2.57,,100.7695183,2414.96,0.68,62.59,5.44,,18.25
2023-12-09,24.1,10.8,34121.46,0.0,0,7.4,2.57,,100.7695183,2414.96,0.68,62.59,5.44,,17.450000000000003
2023-12-10,23.2,10.3,34133.01,0.0,0,10.3,2.57,,100.7695183,2414.96,0.68,62.59,5.44,,16.75
2023-12-11,22.9,8.7,34146.32,0.0,0,3.4,2.35,,100.7695183,2414.96,0.68,62.59,5.44,,15.799999999999999
2023-12-12,22.6,9.2,34161.32,0.0,0,5.3,2.34,,100.7695183,2414.96,0.68,62.59,5.44,,15.9
2023-12-13,23.1,9.3,34165.33,0.0,0,6.8,2.45,,100.7695183,2414.96,0.68,62.59,5.44,,16.200000000000003
2023-12-14,23.1,8.8,34142.56,0.0,0,8.6,2.5,,100.7695183,2414.96,0.68,62.59,5.44,,15.950000000000001
2023-12-15,22.7,7.3,32636.96,0.0,0,5.8,2.36,,100.7695183,2414.96,0.68,62.59,5.44,,15.0
2023-12-16,22.4,7.3,34104.61,0.0,0,6.6,2.37,,100.7695183,2414.96,0.68,62.59,5.44,,14.85
2023-12-17,22.7,7.9,34089.51,0.0,0,7.4,2.44,,100.7695183,2414.96,0.68,62.59,5.44,,15.3
2023-12-18,22.2,8.5,34077.05,0.0,0,11.1,2.53,,100.7695183,2414.96,0.68,62.59,5.44,,15.35
2023-12-19,21.9,9.0,34067.26,0.0,0,9.3,2.46,,100.7695183,2414.96,0.68,62.59,5.44,,15.45
2023-12-20,21.2,8.5,32125.75,0.0,0,7.0,2.29,,100.7695183,2414.96,0.68,62.59,5.44,,14.85
2023-12-21,21.5,8.2,33209.66,0.0,0,7.3,2.24,,100.7695183,2414.96,0.68,62.59,5.44,,14.85
2023-12-22,22.1,7.6,29768.01,0.0,0,5.6,2.15,,100.7695183,2414.96,0.68,62.59,5.44,,14.850000000000001
2023-12-23,21.6,10.3,34055.73,0.0,0,6.2,2.02,,100.7695183,2414.96,0.68,62.59,5.44,,15.950000000000001
2023-12-24,23.8,9.2,34060.07,0.0,0,4.6,2.3,,100.7695183,2414.96,0.68,62.59,5.44,,16.5
2023-12-25,22.6,9.4,34067.62,0.0,0,8.0,2.36,,100.7695183,2414.96,0.68,62.59,5.44,,16.0
2023-12-26,23.1,9.6,34078.05,0.0,0,6.8,2.27,,100.7695183,2414.96,0.68,62.59,5.44,,16.35
2023-12-27,22.6,9.8,34091.33,0.0,0,5.2,2.3,,100.7695183,2414.96,0.68,62.59,5.44,,16.200000000000003
2023-12-28,22.3,9.9,34107.39,0.0,0,4.2,2.31,,100.7695183,2414.96,0.68,62.59,5.44,,16.1
2023-12-29,22.6,10.1,34126.19,0.0,0,4.0,2.31,,100.7695183,2414.96,0.68,62.59,5.44,,16.35
2023-12-30,21.7,12.4,25933.01,0.0,0,5.0,1.8,,100.7695183,2414.96,0.68,62.59,5.44,,17.05
2023-12-31,22.0,12.5,33359.34,0.0,0,3.7,2.03,,100.7695183,2414.96,0.68,62.59,5.44,,17.25
2024-01-01,24.3,10.0,33602.17,0.0,0,6.6,2.26,,100.7695183,2414.96,0.68,62.59,5.44,,17.15
2024-01-02,13.9,9.4,31362.96,0.0,0,3.9,1.57,,100.7695183,2414.96,0.68,62.59,5.44,,11.65
2024-01-03,14.7,7.9,34105.8,0.0,0,5.8,1.66,,100.7695183,2414.96,0.68,62.59,5.44,,11.3
2024-01-04,15.1,7.5,33034.43,0.0,0,6.6,1.7,,100.7695183,2414.96,0.68,62.59,5.44,,11.3
2024-01-05,14.7,9.3,16943.84,0.0,0,7.1,1.04,,100.7695183,2414.96,0.68,62.59,5.44,,12.0
2024-01-06,14.8,10.0,30234.69,0.0,0,5.4,1.42,,100.7695183,2414.96,0.68,62.59,5.44,,12.4
2024-01-07,15.0,10.2,31268.96,0.0,0,5.5,1.31,,100.7695183,2414.96,0.68,62.59,5.44,,12.6
2024-01-08,15.4,10.0,31702.71,0.0,0,5.1,1.73,,100.7695183,2414.96,0.68,62.59,5.44,,12.7
2024-01-09,15.5,8.2,34418.02,0.0,0,7.4,1.9,,100.7695183,2414.96,0.68,62.59,5.44,,11.85
2024-01-10,14.2,7.8,32982.54,0.0,0,8.4,1.72,,100.7695183,2414.96,0.68,62.59,5.44,,11.0
2024-01-11,15.0,7.5,33189.2,0.0,0,5.9,1.87,,100.7695183,2414.96,0.68,62.59,5.44,,11.25
2024-01-12,16.9,5.0,28330.0,0.0,0,7.1,2.01,,100.7695183,2414.96,0.68,62.59,5.44,,10.95
2024-01-13,17.0,5.5,27136.19,0.0,0,5.2,1.79,,100.7695183,2414.96,0.68,62.59,5.44,,11.25
2024-01-14,16.2,4.9,32041.89,0.0,0,5.5,2.11,,100.7695183,2414.96,0.68,62.59,5.44,,10.55
2024-01-15,16.3,5.5,30226.51,0.0,0,4.9,2.09,,100.7695183,2414.96,0.68,62.59,5.44,,10.9
2024-01-16,17.4,4.8,29616.97,0.0,0,6.5,2.11,,100.7695183,2414.96,0.68,62.59,5.44,,11.1
2024-01-17,16.5,5.8,32986.72,0.0,0,6.3,2.0,,100.7695183,2414.96,0.68,62.59,5.44,,11.15
2024-01-18,17.1,5.7,31810.51,0.0,0,4.3,2.07,,100.7695183,2414.96,0.68,62.59,5.44,,11.4
2024-01-19,15.3,7.2,32026.47,0.0,0,6.8,1.95,,100.7695183,2414.96,0.68,62.59,5.44,,11.25
2024-01-20,14.4,7.3,35139.69,0.0,0,4.5,1.93,,100.7695183,2414.96,0.68,62.59,5.44,,10.85
2024-01-21,14.6,5.6,32133.31,0.0,0,6.9,1.82,,100.7695183,2414.96,0.68,62.59,5.44,,10.1
2024-01-22,15.0,7.3,34361.33,0.0,0,4.7,1.91,,100.7695183,2414.96,0.68,62.59,5.44,,11.15
2024-01-23,16.4,6.9,35359.55,0.0,0,4.8,2.09,,100.7695183,2414.96,0.68,62.59,5.44,,11.649999999999999
2024-01-24,16.5,8.3,35436.08,0.0,0,6.0,2.27,,100.7695183,2414.96,0.68,62.59,5.44,,12.4
2024-01-25,16.3,5.7,22769.46,0.0,0,3.6,2.06,,100.7695183,2414.96,0.68,62.59,5.44,,11.0
2024-01-26,19.4,7.3,34885.17,0.0,0,3.6,2.37,,100.7695183,2414.96,0.68,62.59,5.44,,13.35
2024-01-27,22.3,7.6,35616.93,0.0,0,9.9,2.97,,100.7695183,2414.96,0.68,62.59,5.44,,14.95
2024-01-28,20.1,7.8,23102.62,0.0,0,10.1,2.04,,100.7695183,2414.96,0.68,62.59,5.44,,13.950000000000001
2024-01-29,21.3,10.9,35038.83,0.0,0,6.8,2.51,,100.7695183,2414.96,0.68,62.59,5.44,,16.1
2024-01-30,20.4,10.3,28561.5,0.0,0,3.3,2.22,,100.7695183,2414.96,0.68,62.59,5.44,,15.35
2024-01-31,17.9,10.4,24386.39,0.5,71,6.6,1.45,,100.7695183,2414.96,0.68,62.59,5.44,,14.149999999999999
2024-02-01,19.9,13.2,27557.28,0.0,100,11.8,1.5,,100.7695183,2414.96,0.68,62.59,5.44,,16.549999999999997
2024-02-02,18.6,10.5,31713.37,0.0,6,8.3,2.43,,100.7695183,2414.96,0.68,62.59,5.44,,14.55
2024-02-03,20.0,9.2,35483.0,0.0,0,6.6,2.1,,100.7695183,2414.96,0.68,62.59,5.44,,14.6
2024-02-04,19.0,13.7,22248.21,2.4,100,7.3,1.41,,100.7695183,2414.96,0.68,62.59,5.44,,16.35
2024-02-05,19.8,14.2,31863.51,0.0,76,6.9,2.44,,100.7695183,2414.96,0.68,62.59,5.44,,17.0
2024-02-06,19.3,9.0,35961.08,0.0,0,8.2,2.89,,100.7695183,2414.96,0.68,62.59,5.44,,14.15
2024-02-07,19.5,8.9,34148.5,0.0,0,14.8,2.89,,100.7695183,2414.96,0.68,62.59,5.44,,14.2
2024-02-08,20.9,8.6,36025.98,0.0,0,15.0,3.43,,100.7695183,2414.96,0.68,62.59,5.44,,14.75
2024-02-09,22.7,9.2,36021.53,0.0,0,6.6,3.21,,100.7695183,2414.96,0.68,62.59,5.44,,15.95
2024-02-10,22.0,8.8,36016.42,0.0,0,5.1,3.11,,100.7695183,2414.96,0.68,62.59,5.44,,15.4
2024-02-11,23.2,9.7,36081.34,0.0,0,5.2,3.15,,100.7695183,2414.96,0.68,62.59,5.44,,16.45
2024-02-12,21.6,8.8,32875.7,0.0,0,5.2,2.45,,100.7695183,2414.96,0.68,62.59,5.44,,15.200000000000001
2024-02-13,22.4,10.3,32797.89,0.0,0,3.3,2.63,,100.7695183,2414.96,0.68,62.59,5.44,,16.35
2024-02-14,23.6,11.2,36069.71,0.0,0,8.2,3.28,,100.7695183,2414.96,0.68,62.59,5.44,,17.4
2024-02-15,24.9,11.3,36228.84,0.0,0,7.0,3.44,,100.7695183,2414.96,0.68,62.59,5.44,,18.1
2024-02-16,25.4,10.1,36313.14,0.0,0,6.6,3.55,,100.7695183,2414.96,0.68,62.59,5.44,,17.75
2024-02-17,25.4,10.3,36349.11,0.0,0,8.1,3.58,,100.7695183,2414.96,0.68,62.59,5.44,,17.85
2024-02-18,27.9,12.5,36000.0,0.0,0,7.7,3.65,,100.7695183,2414.96,0.68,62.59,5.44,,20.2
2024-02-19,27.0,14.9,36436.43,0.0,3,15.3,3.83,,100.7695183,2414.96,0.68,62.59,5.44,,20.95
2024-02-20,25.3,15.8,36502.73,0.0,100,10.0,2.75,,100.7695183,2414.96,0.68,62.59,5.44,,20.55
2024-02-21,25.1,14.7,36844.52,0.0,65,8.7,3.59,,100.7695183,2414.96,0.68,62.59,5.44,,19.9
2024-02-22,24.2,14.3,33202.66,0.3,0,8.4,3.7,,100.7695183,2414.96,0.68,62.59,5.44,,19.25
2024-02-23,23.5,11.1,36799.02,0.0,0,9.7,3.85,,100.7695183,2414.96,0.68,62.59,5.44,,17.3
2024-02-24,23.4,11.0,36834.59,0.0,0,5.8,3.23,,100.7695183,2414.96,0.68,62.59,5.44,,17.2
2024-02-25,24.5,10.6,36615.05,0.0,0,8.8,3.71,,100.7695183,2414.96,0.68,62.59,5.44,,17.55
2024-02-26,24.6,11.9,35554.28,0.0,0,6.1,3.1,,100.7695183,2414.96,0.68,62.59,5.44,,18.25
2024-02-27,22.0,13.3,22783.64,0.0,10,9.0,2.57,,100.7695183,2414.96,0.68,62.59,5.44,,17.65
2024-02-28,24.6,11.5,37756.8,0.0,0,11.4,3.92,,100.7695183,2414.96,0.68,62.59,5.44,,18.05
2024-02-29,26.3,12.5,37864.02,0.0,0,7.1,3.9,,100.7695183,2414.96,0.68,62.59,5.44,,19.4
2024-03-01,27.3,15.0,29985.36,0.0,84,11.1,3.19,,100.7695183,2414.96,0.68,62.59,5.44,,21.15
2024-03-02,23.5,18.2,14400.0,0.3,100,18.3,2.58,,100.7695183,2414.96,0.68,62.59,5.44,,20.85
2024-03-03,24.9,16.9,36845.91,0.0,100,13.1,3.38,,100.7695183,2414.96,0.68,62.59,5.44,,20.9
2024-03-04,23.7,12.9,38815.91,0.0,29,8.1,4.16,,100.7695183,2414.96,0.68,62.59,5.44,,18.3
2024-03-05,22.5,11.0,37622.72,0.0,0,10.3,4.13,,100.7695183,2414.96,0.68,62.59,5.44,,16.75
2024-03-06,21.2,10.2,35925.61,0.0,0,7.3,3.15,,100.7695183,2414.96,0.68,62.59,5.44,,15.7
2024-03-07,25.1,12.1,39524.78,0.0,0,9.1,4.09,,100.7695183,2414.96,0.68,62.59,5.44,,18.6
2024-03-08,25.8,12.7,39679.93,0.0,0,9.2,4.23,,100.7695183,2414.96,0.68,62.59,5.44,,19.25
2024-03-09,25.5,13.0,39785.05,0.0,0,11.0,4.42,,100.7695183,2414.96,0.68,62.59,5.44,,19.25
2024-03-10,26.8,12.4,28587.44,0.0,0,6.4,3.74,,100.7695183,2414.96,0.68,62.59,5.44,,19.6
2024-03-11,30.2,16.8,38182.02,0.0,0,6.5,4.4,,100.7695183,2414.96,0.68,62.59,5.44,,23.5
2024-03-12,29.6,16.6,38574.0,0.0,0,8.9,4.63,,100.7695183,2414.96,0.68,62.59,5.44,,23.1
2024-03-13,29.5,15.8,38066.48,0.0,0,8.2,3.92,,100.7695183,2414.96,0.68,62.59,5.44,,22.65
2024-03-14,29.3,17.1,39774.59,0.0,0,9.4,4.51,,100.7695183,2414.96,0.68,62.59,5.44,,23.200000000000003
2024-03-15,28.3,15.8,40407.82,0.0,0,11.8,4.95,,100.7695183,2414.96,0.68,62.59,5.44,,22.05
2024-03-16,28.2,14.5,40124.39,0.0,0,6.0,4.43,,100.7695183,2414.96,0.68,62.59,5.44,,21.35
2024-03-17,28.8,15.1,38704.95,0.0,0,7.2,4.31,,100.7695183,2414.96,0.68,62.59,5.44,,21.95
2024-03-18,29.1,15.0,40720.01,0.0,0,7.2,4.73,,100.7695183,2414.96,0.68,62.59,5.44,,22.05
2024-03-19,30.0,14.9,40824.39,0.0,0,10.2,4.88,,100.7695183,2414.96,0.68,62.59,5.44,,22.45
2024-03-20,31.6,15.1,40928.79,0.0,0,7.9,4.95,,100.7695183,2414.96,0.68,62.59,5.44,,23.35
2024-03-21,29.8,15.9,40195.39,0.0,0,12.3,4.31,,100.7695183,2414.96,0.68,62.59,5.44,,22.85
2024-03-22,32.5,17.7,41137.46,0.0,0,6.8,4.69,,100.7695183,2414.96,0.68,62.59,5.44,,25.1
2024-03-23,33.7,19.0,41241.59,0.0,0,11.8,5.41,,100.7695183,2414.96,0.68,62.59,5.44,,26.35
2024-03-24,27.5,20.2,21981.18,0.0,0,14.2,3.13,,100.7695183,2414.96,0.68,62.59,5.44,,23.85
2024-03-25,33.1,17.8,41449.09,0.0,0,13.0,5.25,,100.7695183,2414.96,0.68,62.59,5.44,,25.450000000000003
2024-03-26,33.8,18.6,38579.35,0.0,0,9.0,4.59,,100.7695183,2414.96,0.68,62.59,5.44,,26.2
2024-03-27,36.2,21.0,40294.99,0.0,0,13.6,5.08,,100.7695183,2414.96,0.68,62.59,5.44,,28.6
2024-03-28,36.9,22.5,35947.71,0.0,0,10.9,4.84,,100.7695183,2414.96,0.68,62.59,5.44,,29.7
2024-03-29,36.0,22.2,35581.6,0.0,77,7.4,4.97,,100.7695183,2414.96,0.68,62.59,5.44,,29.1
2024-03-30,34.1,21.8,41960.38,0.0,56,14.3,5.19,,100.7695183,2414.96,0.68,62.59,5.44,,27.950000000000003
2024-03-31,35.3,21.8,42060.83,0.0,0,13.6,5.97,,100.7695183,2414.96,0.68,62.59,5.44,,28.549999999999997
2024-04-01,30.9,19.8,42160.51,0.0,0,11.9,5.14,,100.7695183,2414.96,0.68,62.59,5.44,,25.35
2024-04-02,32.5,17.6,41092.37,0.0,0,12.2,5.52,,100.7695183,2414.96,0.68,62.59,5.44,,25.05
2024-04-03,35.4,20.3,42357.8,0.0,0,8.6,5.62,,100.7695183,2414.96,0.68,62.59,5.44,,27.85
2024-04-04,36.2,22.1,41077.66,0.0,0,10.2,6.13,,100.7695183,2414.96,0.68,62.59,5.44,,29.150000000000002
2024-04-05,35.6,21.8,23446.34,0.0,0,10.0,4.63,,100.7695183,2414.96,0.68,62.59,5.44,,28.700000000000003
2024-04-06,35.4,20.5,42538.79,0.0,0,11.5,6.09,,100.7695183,2414.96,0.68,62.59,5.44,,27.95
2024-04-07,34.4,21.0,42571.15,0.0,0,10.7,6.33,,100.7695183,2414.96,0.68,62.59,5.44,,27.7
2024-04-08,36.6,19.4,42603.48,0.0,0,12.9,6.29,,100.7695183,2414.96,0.68,62.59,5.44,,28.0
2024-04-09,37.8,20.7,42635.77,0.0,0,9.2,5.87,,100.7695183,2414.96,0.68,62.59,5.44,,29.25
2024-04-10,38.0,18.8,42668.04,0.0,0,8.6,5.89,,100.7695183,2414.96,0.68,62.59,5.44,,28.4
2024-04-11,37.1,21.2,42700.32,0.0,0,7.4,5.66,,100.7695183,2414.96,0.68,62.59,5.44,,29.15
2024-04-12,37.6,21.4,42732.59,0.0,0,6.8,5.52,,100.7695183,2414.96,0.68,62.59,5.44,,29.5
2024-04-13,37.1,24.1,34816.94,0.0,0,11.4,5.76,,100.7695183,2414.96,0.68,62.59,5.44,,30.6
2024-04-14,32.4,22.2,23705.02,0.0,3,9.7,4.19,,100.7695183,2414.96,0.68,62.59,5.44,,27.299999999999997
2024-04-15,33.0,23.7,11739.69,0.0,32,6.8,3.39,,100.7695183,2414.96,0.68,62.59,5.44,,28.35
2024-04-16,35.0,24.4,35720.32,0.0,4,15.6,6.39,,100.7695183,2414.96,0.68,62.59,5.44,,29.7
2024-04-17,35.8,21.9,42971.04,0.0,0,17.5,7.82,,100.7695183,2414.96,0.68,62.59,5.44,,28.849999999999998
2024-04-18,38.3,24.0,42927.09,0.0,0,11.4,7.25,,100.7695183,2414.96,0.68,62.59,5.44,,31.15
2024-04-19,37.6,26.0,42812.21,0.0,3,14.0,6.4,,100.7695183,2414.96,0.68,62.59,5.44,,31.8
2024-04-20,37.0,23.2,43214.2,0.0,0,10.2,6.66,,100.7695183,2414.96,0.68,62.59,5.44,,30.1
2024-04-21,36.7,24.6,43081.61,0.0,6,11.2,6.48,,100.7695183,2414.96,0.68,62.59,5.44,,30.650000000000002
2024-04-22,36.4,24.2,43193.82,0.0,61,10.5,6.49,,100.7695183,2414.96,0.68,62.59,5.44,,30.299999999999997
2024-04-23,35.6,24.3,43311.43,0.0,77,10.8,5.94,,100.7695183,2414.96,0.68,62.59,5.44,,29.950000000000003
2024-04-24,37.6,21.3,43525.59,0.0,0,11.4,6.39,,100.7695183,2414.96,0.68,62.59,5.44,,29.450000000000003
2024-04-25,39.4,23.5,43561.64,0.0,0,13.3,7.04,,100.7695183,2414.96,0.68,62.59,5.44,,31.45
2024-04-26,40.0,24.6,40622.79,0.0,0,9.4,5.83,,100.7695183,2414.96,0.68,62.59,5.44,,32.3
2024-04-27,38.4,24.1,43200.0,0.0,16,11.2,6.35,,100.7695183,2414.96,0.68,62.59,5.44,,31.25
2024-04-28,37.8,24.1,38385.18,0.0,0,9.4,5.43,,100.7695183,2414.96,0.68,62.59,5.44,,30.95
2024-04-29,37.1,24.9,41200.43,0.0,0,11.2,5.33,,100.7695183,2414.96,0.68,62.59,5.44,,31.0
2024-04-30,37.0,21.9,43817.7,0.0,0,11.4,7.24,,100.7695183,2414.96,0.68,62.59,5.44,,29.45
2024-05-01,34.0,20.8,44252.95,0.0,0,13.7,7.52,,100.7695183,2414.96,0.68,62.59,5.44,,27.4
2024-05-02,36.2,20.3,44483.62,0.0,0,10.8,7.08,,100.7695183,2414.96,0.68,62.59,5.44,,28.25
2024-05-03,38.8,22.5,39576.82,0.0,0,12.4,7.07,,100.7695183,2414.96,0.68,62.59,5.44,,30.65
2024-05-04,41.3,25.9,36000.0,0.0,0,8.9,6.37,,100.7695183,2414.96,0.68,62.59,5.44,,33.599999999999994
2024-05-05,41.4,26.8,43200.0,0.0,0,10.2,6.93,,100.7695183,2414.96,0.68,62.59,5.44,,34.1
2024-05-06,41.2,26.2,44649.52,0.0,0,10.5,7.34,,100.7695183,2414.96,0.68,62.59,5.44,,33.7
2024-05-07,41.6,26.3,43708.78,0.0,0,9.4,6.48,,100.7695183,2414.96,0.68,62.59,5.44,,33.95
2024-05-08,39.6,26.3,44310.16,0.0,0,12.2,6.91,,100.7695183,2414.96,0.68,62.59,5.44,,32.95
2024-05-09,38.5,26.0,44193.61,0.0,0,14.7,6.88,,100.7695183,2414.96,0.68,62.59,5.44,,32.25
2024-05-10,39.3,27.0,43455.92,0.0,0,14.8,6.99,,100.7695183,2414.96,0.68,62.59,5.44,,33.15
2024-05-11,38.0,25.6,44450.34,0.0,48,17.6,6.63,,100.7695183,2414.96,0.68,62.59,5.44,,31.8
2024-05-12,38.0,26.6,42693.82,0.0,16,6.1,5.93,,100.7695183,2414.96,0.68,62.59,5.44,,32.3
2024-05-13,39.4,28.6,43823.61,0.0,10,11.2,6.24,,100.7695183,2414.96,0.68,62.59,5.44,,34.0
2024-05-14,41.2,25.9,45299.79,0.0,0,11.5,7.3,,100.7695183,2414.96,0.68,62.59,5.44,,33.55
2024-05-15,41.9,26.7,45331.84,0.0,0,9.0,7.11,,100.7695183,2414.96,0.68,62.59,5.44,,34.3
2024-05-16,42.9,26.3,44473.96,0.0,0,10.3,7.36,,100.7695183,2414.96,0.68,62.59,5.44,,34.6
2024-05-17,45.0,30.3,43290.75,0.0,0,10.5,6.93,,100.7695183,2414.96,0.68,62.59,5.44,,37.65
2024-05-18,44.9,30.3,45420.98,0.0,3,12.5,7.63,,100.7695183,2414.96,0.68,62.59,5.44,,37.6
2024-05-19,44.7,29.4,45448.32,0.0,2,13.5,7.66,,100.7695183,2414.96,0.68,62.59,5.44,,37.05
2024-05-20,44.3,30.5,45430.6,0.0,0,12.0,7.48,,100.7695183,2414.96,0.68,62.59,5.44,,37.4
2024-05-21,43.0,29.4,43948.21,0.0,0,9.4,7.1,,100.7695183,2414.96,0.68,62.59,5.44,,36.2
2024-05-22,42.5,30.1,45311.41,0.0,0,13.9,7.43,,100.7695183,2414.96,0.68,62.59,5.44,,36.3
2024-05-23,41.4,30.4,45455.69,0.0,0,14.3,8.14,,100.7695183,2414.96,0.68,62.59,5.44,,35.9
2024-05-24,41.5,30.4,45567.09,0.0,0,12.3,7.28,,100.7695183,2414.96,0.68,62.59,5.44,,35.95
2024-05-25,43.4,31.1,45587.2,0.0,0,12.8,7.49,,100.7695183,2414.96,0.68,62.59,5.44,,37.25
2024-05-26,45.4,29.8,45606.09,0.0,0,9.9,7.67,,100.7695183,2414.96,0.68,62.59,5.44,,37.6
2024-05-27,45.5,29.2,45622.69,0.0,0,10.7,7.78,,100.7695183,2414.96,0.68,62.59,5.44,,37.35
2024-05-28,46.4,30.4,45640.17,0.0,0,10.0,7.64,,100.7695183,2414.96,0.68,62.59,5.44,,38.4
2024-05-29,47.0,31.4,39467.3,0.0,0,11.0,6.89,,100.7695183,2414.96,0.68,62.59,5.44,,39.2
2024-05-30,46.1,30.6,45075.05,0.0,0,10.9,7.88,,100.7695183,2414.96,0.68,62.59,5.44,,38.35
2024-05-31,45.8,29.5,43802.27,0.0,0,10.8,7.53,,100.7695183,2414.96,0.68,62.59,5.44,,37.65
2024-06-01,44.9,29.5,34668.49,0.0,0,14.3,6.16,,100.7695183,2414.96,0.68,62.59,5.44,,37.2
2024-06-02,42.9,29.3,41302.94,0.0,3,9.1,7.11,,100.7695183,2414.96,0.68,62.59,5.44,,36.1
2024-06-03,44.1,31.6,45229.54,0.0,0,13.4,7.91,,100.7695183,2414.96,0.68,62.59,5.44,,37.85
2024-06-04,43.9,30.1,45718.5,0.0,32,10.3,7.35,,100.7695183,2414.96,0.68,62.59,5.44,,37.0
2024-06-05,44.6,31.5,44517.76,0.0,45,11.9,7.44,,100.7695183,2414.96,0.68,62.59,5.44,,38.05
2024-06-06,42.1,28.3,45666.79,0.0,55,14.9,7.41,,100.7695183,2414.96,0.68,62.59,5.44,,35.2
2024-06-07,42.1,28.3,45668.88,0.0,55,12.4,7.52,,100.7695183,2414.96,0.68,62.59,5.44,,35.2
2024-06-08,41.6,29.5,45670.59,0.0,0,13.0,8.17,,100.7695183,2414.96,0.68,62.59,5.44,,35.55
2024-06-09,42.3,29.3,45755.06,0.0,0,12.7,8.02,,100.7695183,2414.96,0.68,62.59,5.44,,35.8
2024-06-10,43.8,28.7,45730.75,0.0,0,13.8,7.84,,100.7695183,2414.96,0.68,62.59,5.44,,36.25
2024-06-11,44.5,30.1,45385.91,0.0,0,11.8,7.7,,100.7695183,2414.96,0.68,62.59,5.44,,37.3
2024-06-12,45.0,30.8,45673.62,0.0,0,12.9,7.47,,100.7695183,2414.96,0.68,62.59,5.44,,37.9
2024-06-13,45.0,30.8,44668.28,0.0,0,12.5,7.61,,100.7695183,2414.96,0.68,62.59,5.44,,37.9
2024-06-14,44.7,33.0,45099.1,0.0,0,14.8,8.7,,100.7695183,2414.96,0.68,62.59,5.44,,38.85
2024-06-15,45.2,32.6,43879.02,0.0,0,14.8,8.65,,100.7695183,2414.96,0.68,62.59,5.44,,38.900000000000006
2024-06-16,45.4,33.2,45384.71,0.0,0,13.9,8.65,,100.7695183,2414.96,0.68,62.59,5.44,,39.3
2024-06-17,46.2,33.1,45097.81,0.0,0,14.3,8.76,,100.7695183,2414.96,0.68,62.59,5.44,,39.650000000000006
2024-06-18,44.8,34.0,43955.64,0.0,0,16.0,8.48,,100.7695183,2414.96,0.68,62.59,5.44,,39.4
2024-06-19,43.5,34.2,44811.07,0.0,71,12.1,7.92,,100.7695183,2414.96,0.68,62.59,5.44,,38.85
2024-06-20,39.2,29.6,45094.52,0.0,84,15.7,6.21,,100.7695183,2414.96,0.68,62.59,5.44,,34.400000000000006
2024-06-21,38.1,30.0,44242.46,0.0,52,14.8,5.79,,100.7695183,2414.96,0.68,62.59,5.44,,34.05
2024-06-22,39.1,29.1,43200.0,0.0,19,6.2,5.32,,100.7695183,2414.96,0.68,62.59,5.44,,34.1
2024-06-23,38.6,29.9,43586.89,0.0,77,10.4,6.01,,100.7695183,2414.96,0.68,62.59,5.44,,34.25
2024-06-24,37.7,29.8,26304.36,0.0,61,9.4,4.72,,100.7695183,2414.96,0.68,62.59,5.44,,33.75
2024-06-25,38.1,29.3,44663.66,0.0,77,6.4,5.37,,100.7695183,2414.96,0.68,62.59,5.44,,33.7
2024-06-26,35.6,29.9,25885.85,0.0,97,11.1,4.4,,100.7695183,2414.96,0.68,62.59,5.44,,32.75
2024-06-27,32.4,27.4,3667.59,0.0,55,11.4,2.51,,100.7695183,2414.96,0.68,62.59,5.44,,29.9
